source_date,symbol,historical_isin,v3_rejection,candidate_stock_id,candidate_isin,evidence_disposition
2022-11-04,4THDIM,INE382T01022,no_current_identity_candidate,,,no_current_nse_candidate_requires_listing_evidence
2022-11-04,AARVEEDEN,INE273D01019,no_current_identity_candidate,,,no_current_nse_candidate_requires_listing_evidence
2022-11-04,ACCURACY,INE648Z01015,conflicting_symbol_isin,41,INE648Z01023,unresolved_conflict_requires_official_continuity_or_reuse_evidence
2022-11-04,ADANIPOWER,INE814H01011,conflicting_symbol_isin,52,INE814H01029,unresolved_conflict_requires_official_continuity_or_reuse_evidence
2022-11-04,ADFFOODS,INE982B01019,conflicting_symbol_isin,53,INE982B01027,unresolved_conflict_requires_official_continuity_or_reuse_evidence
2022-11-04,AJMERA,INE298G01027,conflicting_symbol_isin,90,INE298G01035,unresolved_conflict_requires_official_continuity_or_reuse_evidence
2022-11-04,AJRINFRA,INE181G01025,no_current_identity_candidate,,,no_current_nse_candidate_requires_listing_evidence
2022-11-04,AKSHAR,INE256Z01017,conflicting_symbol_isin,96,INE256Z01025,unresolved_conflict_requires_official_continuity_or_reuse_evidence
2022-11-04,ALMONDZ,INE326B01027,conflicting_symbol_isin,110,INE326B01035,unresolved_conflict_requires_official_continuity_or_reuse_evidence
2022-11-04,ALPSINDUS,INE093B01015,no_current_identity_candidate,,,no_current_nse_candidate_requires_listing_evidence
2022-11-04,AMIORG,INE00FF01017,no_current_identity_candidate,,,no_current_nse_candidate_requires_listing_evidence
2022-11-04,ANDHRACEMT,INE666E01012,no_current_identity_candidate,,,no_current_nse_candidate_requires_listing_evidence
2022-11-04,ANDHRAPAP,INE435A01028,conflicting_symbol_isin,128,INE435A01051,unresolved_conflict_requires_official_continuity_or_reuse_evidence
2022-11-04,ANGELONE,INE732I01013,conflicting_symbol_isin,130,INE732I01021,unresolved_conflict_requires_official_continuity_or_reuse_evidence
2022-11-04,APOLLO,INE713T01010,conflicting_symbol_isin,144,INE713T01028,unresolved_conflict_requires_official_continuity_or_reuse_evidence
2022-11-04,ARSSINFRA,INE267I01010,no_current_identity_candidate,,,no_current_nse_candidate_requires_listing_evidence
2022-11-04,AVROIND,INE652Z01017,conflicting_symbol_isin,218,INE652Z01025,unresolved_conflict_requires_official_continuity_or_reuse_evidence
2022-11-04,BAJFINANCE,INE296A01024,conflicting_symbol_isin,243,INE296A01032,unresolved_conflict_requires_official_continuity_or_reuse_evidence
2022-11-04,BALAXI,INE618N01014,conflicting_symbol_isin,7088,INE618N01022,unresolved_conflict_requires_official_continuity_or_reuse_evidence
2022-11-04,BALLARPUR,INE294A01037,no_current_identity_candidate,,,no_current_nse_candidate_requires_listing_evidence
2022-11-04,BARTRONICS,INE855F01034,no_current_identity_candidate,,,no_current_nse_candidate_requires_listing_evidence
2022-11-04,BBL,INE464A01028,conflicting_symbol_isin,267,INE464A01036,unresolved_conflict_requires_official_continuity_or_reuse_evidence
2022-11-04,BCLIND,INE412G01016,conflicting_symbol_isin,272,INE412G01024,unresolved_conflict_requires_official_continuity_or_reuse_evidence
2022-11-04,BCP,INE905P01028,no_current_identity_candidate,,,no_current_nse_candidate_requires_listing_evidence
2022-11-04,BDL,INE171Z01018,conflicting_symbol_isin,275,INE171Z01026,unresolved_conflict_requires_official_continuity_or_reuse_evidence
2022-11-04,BECTORFOOD,INE495P01012,conflicting_symbol_isin,277,INE495P01020,unresolved_conflict_requires_official_continuity_or_reuse_evidence
2022-11-04,BEML,INE258A01016,conflicting_symbol_isin,283,INE258A01024,unresolved_conflict_requires_official_continuity_or_reuse_evidence
2022-11-04,BESTAGRO,INE052T01013,conflicting_symbol_isin,287,INE052T01021,unresolved_conflict_requires_official_continuity_or_reuse_evidence
2022-11-04,BHAGCHEM,INE414D01019,conflicting_symbol_isin,291,INE414D01027,unresolved_conflict_requires_official_continuity_or_reuse_evidence
2022-11-04,BHAGYAPROP,INE363W01018,no_current_identity_candidate,,,no_current_nse_candidate_requires_listing_evidence
2022-11-04,BHARATRAS,INE838B01013,conflicting_symbol_isin,296,INE838B01021,unresolved_conflict_requires_official_continuity_or_reuse_evidence
2022-11-04,BKMINDST,INE831Q01016,no_current_identity_candidate,,,no_current_nse_candidate_requires_listing_evidence
2022-11-04,BURNPUR,INE817H01014,conflicting_symbol_isin,7442,INE817H01022,unresolved_conflict_requires_official_continuity_or_reuse_evidence
2022-11-04,CAMS,INE596I01012,conflicting_symbol_isin,4,INE596I01020,unresolved_conflict_requires_official_continuity_or_reuse_evidence
2022-11-04,CANBK,INE476A01014,conflicting_symbol_isin,354,INE476A01022,unresolved_conflict_requires_official_continuity_or_reuse_evidence
2022-11-04,CANTABIL,INE068L01016,conflicting_symbol_isin,357,INE068L01024,unresolved_conflict_requires_official_continuity_or_reuse_evidence
2022-11-04,CGCL,INE180C01026,conflicting_symbol_isin,388,INE180C01042,unresolved_conflict_requires_official_continuity_or_reuse_evidence
2022-11-04,CIGNITITEC,INE675C01017,no_current_identity_candidate,,,no_current_nse_candidate_requires_listing_evidence
2022-11-04,CMICABLES,INE981B01011,no_current_identity_candidate,,,no_current_nse_candidate_requires_listing_evidence
2022-11-04,COASTCORP,INE377E01016,conflicting_symbol_isin,411,INE377E01024,unresolved_conflict_requires_official_continuity_or_reuse_evidence
2022-11-04,COCHINSHIP,INE704P01017,conflicting_symbol_isin,412,INE704P01025,unresolved_conflict_requires_official_continuity_or_reuse_evidence
2022-11-04,COFORGE,INE591G01017,conflicting_symbol_isin,414,INE591G01025,unresolved_conflict_requires_official_continuity_or_reuse_evidence
2022-11-04,CUPID,INE509F01011,conflicting_symbol_isin,447,INE509F01029,unresolved_conflict_requires_official_continuity_or_reuse_evidence
2022-11-04,DEEPENR,INE677H01012,no_current_identity_candidate,,,no_current_nse_candidate_requires_listing_evidence
2022-11-04,DEEPINDS,INE0FHS01016,conflicting_symbol_isin,476,INE0FHS01024,unresolved_conflict_requires_official_continuity_or_reuse_evidence
2022-11-04,DELPHIFX,INE726L01019,conflicting_symbol_isin,478,INE726L01027,unresolved_conflict_requires_official_continuity_or_reuse_evidence
2022-11-04,DEVIT,INE060X01018,conflicting_symbol_isin,484,INE060X01034,unresolved_conflict_requires_official_continuity_or_reuse_evidence
2022-11-04,DFMFOODS,INE456C01020,no_current_identity_candidate,,,no_current_nse_candidate_requires_listing_evidence
2022-11-04,DHANI,INE274G01010,no_current_identity_candidate,,,no_current_nse_candidate_requires_listing_evidence
2022-11-04,DHARSUGAR,INE988C01014,no_current_identity_candidate,,,no_current_nse_candidate_requires_listing_evidence
2022-11-04,DIL,INE411Y01011,no_current_identity_candidate,,,no_current_nse_candidate_requires_listing_evidence
2022-11-04,DRREDDY,INE089A01023,conflicting_symbol_isin,523,INE089A01031,unresolved_conflict_requires_official_continuity_or_reuse_evidence
2022-11-04,E2E,INE255Z01019,conflicting_symbol_isin,532,INE255Z01027,unresolved_conflict_requires_official_continuity_or_reuse_evidence
2022-11-04,EASEMYTRIP,INE07O001018,conflicting_symbol_isin,533,INE07O001026,unresolved_conflict_requires_official_continuity_or_reuse_evidence
2022-11-04,EASTSILK,INE962C01027,conflicting_symbol_isin,7127,INE962C01035,unresolved_conflict_requires_official_continuity_or_reuse_evidence
2022-11-04,EDUCOMP,INE216H01027,no_current_identity_candidate,,,no_current_nse_candidate_requires_listing_evidence
2022-11-04,ELECON,INE205B01023,conflicting_symbol_isin,549,INE205B01031,unresolved_conflict_requires_official_continuity_or_reuse_evidence
2022-11-04,EQUITAS,INE988K01017,no_current_identity_candidate,,,no_current_nse_candidate_requires_listing_evidence
2022-11-04,EROSMEDIA,INE416L01017,no_current_identity_candidate,,,no_current_nse_candidate_requires_listing_evidence
2022-11-04,EXXARO,INE0GFE01018,conflicting_symbol_isin,598,INE0GFE01026,unresolved_conflict_requires_official_continuity_or_reuse_evidence
2022-11-04,FCL,INE045J01026,conflicting_symbol_isin,603,INE045J01034,unresolved_conflict_requires_official_continuity_or_reuse_evidence
2022-11-04,FCONSUMER,INE220J01025,no_current_identity_candidate,,,no_current_nse_candidate_requires_listing_evidence
2022-11-04,FILATEX,INE816B01027,conflicting_symbol_isin,611,INE816B01035,unresolved_conflict_requires_official_continuity_or_reuse_evidence
2022-11-04,FOCUS,INE593W01010,conflicting_symbol_isin,624,INE593W01028,unresolved_conflict_requires_official_continuity_or_reuse_evidence
2022-11-04,FRETAIL,INE752P01024,no_current_identity_candidate,,,no_current_nse_candidate_requires_listing_evidence
2022-11-04,FSC,INE935Q01015,no_current_identity_candidate,,,no_current_nse_candidate_requires_listing_evidence
2022-11-04,GATI,INE152B01027,no_current_identity_candidate,,,no_current_nse_candidate_requires_listing_evidence
2022-11-04,GEEKAYWIRE,INE669X01016,conflicting_symbol_isin,655,INE669X01032,unresolved_conflict_requires_official_continuity_or_reuse_evidence
2022-11-04,GLOBAL,INE291W01029,conflicting_symbol_isin,678,INE291W01037,unresolved_conflict_requires_official_continuity_or_reuse_evidence
2022-11-04,GOENKA,INE516K01024,no_current_identity_candidate,,,no_current_nse_candidate_requires_listing_evidence
2022-11-04,GOKULAGRO,INE314T01025,conflicting_symbol_isin,5,INE314T01033,unresolved_conflict_requires_official_continuity_or_reuse_evidence
2022-11-04,GOYALALUM,INE705X01018,conflicting_symbol_isin,708,INE705X01026,unresolved_conflict_requires_official_continuity_or_reuse_evidence
2022-11-04,GPIL,INE177H01021,conflicting_symbol_isin,709,INE177H01039,unresolved_conflict_requires_official_continuity_or_reuse_evidence
2022-11-04,GSCLCEMENT,INE542A01039,no_current_identity_candidate,,,no_current_nse_candidate_requires_listing_evidence
2022-11-04,GSPL,INE246F01010,no_current_identity_candidate,,,no_current_nse_candidate_requires_listing_evidence
2022-11-04,HAL,INE066F01012,conflicting_symbol_isin,753,INE066F01020,subdivision_lead_requires_revised_nse_effective_date
2022-11-04,HARDWYN,INE626Z01011,conflicting_symbol_isin,759,INE626Z01029,unresolved_conflict_requires_official_continuity_or_reuse_evidence
2022-11-04,HDFC,INE001A01036,no_current_identity_candidate,,,verified_amalgamation_suspension_missing_historical_master
2022-11-04,HEG,INE545A01016,conflicting_symbol_isin,781,INE545A01024,unresolved_conflict_requires_official_continuity_or_reuse_evidence
2022-11-04,HERCULES,INE688E01024,no_current_identity_candidate,,,no_current_nse_candidate_requires_listing_evidence
2022-11-04,HILTON-RE,INE788H20017,no_current_identity_candidate,,,no_current_nse_candidate_requires_listing_evidence
2022-11-04,HINDCON,INE642Y01011,conflicting_symbol_isin,7155,INE642Y01029,unresolved_conflict_requires_official_continuity_or_reuse_evidence
2022-11-04,HINDMOTORS,INE253A01025,no_current_identity_candidate,,,no_current_nse_candidate_requires_listing_evidence
2022-11-04,HITECH,INE106T01017,conflicting_symbol_isin,806,INE106T01025,unresolved_conflict_requires_official_continuity_or_reuse_evidence
2022-11-04,HPAL,INE0GSL01016,conflicting_symbol_isin,816,INE0GSL01024,unresolved_conflict_requires_official_continuity_or_reuse_evidence
2022-11-04,IDFC,INE043D01016,no_current_identity_candidate,,,no_current_nse_candidate_requires_listing_evidence
2022-11-04,IIFLWAM,INE466L01020,no_current_identity_candidate,,,no_current_nse_candidate_requires_listing_evidence
2022-11-04,INDIAGLYCO,INE560A01015,conflicting_symbol_isin,860,INE560A01023,unresolved_conflict_requires_official_continuity_or_reuse_evidence
2022-11-04,INDLMETER,INE065B01013,no_current_identity_candidate,,,no_current_nse_candidate_requires_listing_evidence
2022-11-04,INDOTHAI,INE337M01013,conflicting_symbol_isin,876,INE337M01021,unresolved_conflict_requires_official_continuity_or_reuse_evidence
2022-11-04,INDSWFTLTD,INE788B01028,no_current_identity_candidate,,,no_current_nse_candidate_requires_listing_evidence
2022-11-04,INOXLEISUR,INE312H01016,no_current_identity_candidate,,,no_current_nse_candidate_requires_listing_evidence
2022-11-04,IOLCP,INE485C01011,conflicting_symbol_isin,903,INE485C01029,unresolved_conflict_requires_official_continuity_or_reuse_evidence
2022-11-04,IONEXCHANG,INE570A01014,conflicting_symbol_isin,904,INE570A01022,unresolved_conflict_requires_official_continuity_or_reuse_evidence
2022-11-04,IRB,INE821I01014,conflicting_symbol_isin,907,INE821I01022,unresolved_conflict_requires_official_continuity_or_reuse_evidence
2022-11-04,IRISDOREME,INE01GN01017,conflicting_symbol_isin,913,INE01GN01025,unresolved_conflict_requires_official_continuity_or_reuse_evidence
2022-11-04,ISEC,INE763G01038,no_current_identity_candidate,,,no_current_nse_candidate_requires_listing_evidence
2022-11-04,ISMTLTD,INE732F01019,no_current_identity_candidate,,,no_current_nse_candidate_requires_listing_evidence
2022-11-04,IWEL,INE0FLR01028,no_current_identity_candidate,,,no_current_nse_candidate_requires_listing_evidence
2022-11-04,JAGSNPHARM,INE048B01027,conflicting_symbol_isin,930,INE048B01035,unresolved_conflict_requires_official_continuity_or_reuse_evidence
2022-11-04,JAIBALAJI,INE091G01018,conflicting_symbol_isin,7167,INE091G01026,unresolved_conflict_requires_official_continuity_or_reuse_evidence
2022-11-04,JASH,INE039O01011,conflicting_symbol_isin,936,INE039O01029,unresolved_conflict_requires_official_continuity_or_reuse_evidence
2022-11-04,JAYBARMARU,INE571B01028,conflicting_symbol_isin,938,INE571B01036,unresolved_conflict_requires_official_continuity_or_reuse_evidence
2022-11-04,JBCHEPHARM,INE572A01028,conflicting_symbol_isin,942,INE572A01036,unresolved_conflict_requires_official_continuity_or_reuse_evidence
2022-11-04,JBFIND,INE187A01017,no_current_identity_candidate,,,no_current_nse_candidate_requires_listing_evidence
2022-11-04,JBMA,INE927D01044,conflicting_symbol_isin,943,INE927D01051,unresolved_conflict_requires_official_continuity_or_reuse_evidence
2022-11-04,JETAIRWAYS,INE802G01018,no_current_identity_candidate,,,no_current_nse_candidate_requires_listing_evidence
2022-11-04,JINDALSAW,INE324A01024,conflicting_symbol_isin,949,INE324A01032,unresolved_conflict_requires_official_continuity_or_reuse_evidence
2022-11-04,JMCPROJECT,INE890A01024,no_current_identity_candidate,,,no_current_nse_candidate_requires_listing_evidence
2022-11-04,JPASSOCIAT,INE455F01025,no_current_identity_candidate,,,no_current_nse_candidate_requires_listing_evidence
2022-11-04,JSLHISAR,INE455T01018,no_current_identity_candidate,,,no_current_nse_candidate_requires_listing_evidence
2022-11-04,JSWISPL,INE743C01021,no_current_identity_candidate,,,no_current_nse_candidate_requires_listing_evidence
2022-11-04,JTLINFRA,INE391J01024,no_current_identity_candidate,,,no_current_nse_candidate_requires_listing_evidence
2022-11-04,JUBLINDS,INE645L01011,no_current_identity_candidate,,,no_current_nse_candidate_requires_listing_evidence
2022-11-04,KAMDHENU,INE390H01012,conflicting_symbol_isin,997,INE390H01020,unresolved_conflict_requires_official_continuity_or_reuse_evidence
2022-11-04,KAPSTON,INE542Z01010,conflicting_symbol_isin,1002,INE542Z01028,unresolved_conflict_requires_official_continuity_or_reuse_evidence
2022-11-04,KAUSHALYA,INE234I01010,conflicting_symbol_isin,1005,INE234I01028,unresolved_conflict_requires_official_continuity_or_reuse_evidence
2022-11-04,KELLTONTEC,INE164B01022,conflicting_symbol_isin,1015,INE164B01030,unresolved_conflict_requires_official_continuity_or_reuse_evidence
2022-11-04,KIMS,INE967H01017,conflicting_symbol_isin,1024,INE967H01025,unresolved_conflict_requires_official_continuity_or_reuse_evidence
2022-11-04,KOTAKBANK,INE237A01028,conflicting_symbol_isin,1045,INE237A01036,unresolved_conflict_requires_official_continuity_or_reuse_evidence
2022-11-04,KPIGREEN,INE542W01017,conflicting_symbol_isin,1053,INE542W01025,unresolved_conflict_requires_official_continuity_or_reuse_evidence
2022-11-04,KRISHANA,INE506W01012,conflicting_symbol_isin,1060,INE506W01020,unresolved_conflict_requires_official_continuity_or_reuse_evidence
2022-11-04,KSB,INE999A01015,conflicting_symbol_isin,1068,INE999A01023,unresolved_conflict_requires_official_continuity_or_reuse_evidence
2022-11-04,KSOLVES,INE0D6I01015,conflicting_symbol_isin,1072,INE0D6I01023,unresolved_conflict_requires_official_continuity_or_reuse_evidence
2022-11-04,LANCER,INE359U01010,conflicting_symbol_isin,7534,INE359U01028,unresolved_conflict_requires_official_continuity_or_reuse_evidence
2022-11-04,LGBFORGE,INE201J01017,no_current_identity_candidate,,,no_current_nse_candidate_requires_listing_evidence
2022-11-04,LIKHITHA,INE060901019,conflicting_symbol_isin,7188,INE060901027,unresolved_conflict_requires_official_continuity_or_reuse_evidence
2022-11-04,LINC,INE802B01019,conflicting_symbol_isin,1102,INE802B01027,unresolved_conflict_requires_official_continuity_or_reuse_evidence
2022-11-04,MAANALU,INE215I01019,conflicting_symbol_isin,1129,INE215I01027,unresolved_conflict_requires_official_continuity_or_reuse_evidence
2022-11-04,MANGCHEFER,INE558B01017,no_current_identity_candidate,,,no_current_nse_candidate_requires_listing_evidence
2022-11-04,MANORAMA,INE00VM01010,conflicting_symbol_isin,1163,INE00VM01036,unresolved_conflict_requires_official_continuity_or_reuse_evidence
2022-11-04,MARSHALL,INE00SZ01018,no_current_identity_candidate,,,no_current_nse_candidate_requires_listing_evidence
2022-11-04,MAXVIL,INE154U01015,no_current_identity_candidate,,,no_current_nse_candidate_requires_listing_evidence
2022-11-04,MAZDA,INE885E01034,conflicting_symbol_isin,1182,INE885E01042,unresolved_conflict_requires_official_continuity_or_reuse_evidence
2022-11-04,MAZDOCK,INE249Z01012,conflicting_symbol_isin,1183,INE249Z01020,unresolved_conflict_requires_official_continuity_or_reuse_evidence
2022-11-04,MBAPL,INE900L01010,conflicting_symbol_isin,1184,INE900L01028,unresolved_conflict_requires_official_continuity_or_reuse_evidence
2022-11-04,MBECL,INE748A01016,conflicting_symbol_isin,7662,INE748A01024,unresolved_conflict_requires_official_continuity_or_reuse_evidence
2022-11-04,MCX,INE745G01035,conflicting_symbol_isin,1190,INE745G01043,unresolved_conflict_requires_official_continuity_or_reuse_evidence
2022-11-04,MEDICO,INE630Y01016,conflicting_symbol_isin,1194,INE630Y01024,unresolved_conflict_requires_official_continuity_or_reuse_evidence
2022-11-04,MELSTAR,INE817A01019,no_current_identity_candidate,,,no_current_nse_candidate_requires_listing_evidence
2022-11-04,MERCATOR,INE934B01028,no_current_identity_candidate,,,no_current_nse_candidate_requires_listing_evidence
2022-11-04,METALFORGE,INE425A01011,no_current_identity_candidate,,,no_current_nse_candidate_requires_listing_evidence
2022-11-04,MGEL,INE0APB01024,conflicting_symbol_isin,7200,INE0APB01032,unresolved_conflict_requires_official_continuity_or_reuse_evidence
2022-11-04,MINDTREE,INE018I01017,no_current_identity_candidate,,,no_current_nse_candidate_requires_listing_evidence
2022-11-04,MITTAL,INE997Y01019,conflicting_symbol_isin,1215,INE997Y01027,unresolved_conflict_requires_official_continuity_or_reuse_evidence
2022-11-04,NAGAFERT,INE454M01024,no_current_identity_candidate,,,no_current_nse_candidate_requires_listing_evidence
2022-11-04,NARMADA,INE117Z01011,conflicting_symbol_isin,1266,INE117Z01029,unresolved_conflict_requires_official_continuity_or_reuse_evidence
2022-11-04,NAUKRI,INE663F01024,conflicting_symbol_isin,1272,INE663F01032,unresolved_conflict_requires_official_continuity_or_reuse_evidence
2022-11-04,NAVA,INE725A01022,conflicting_symbol_isin,1273,INE725A01030,unresolved_conflict_requires_official_continuity_or_reuse_evidence
2022-11-04,NAZARA,INE418L01021,conflicting_symbol_isin,1278,INE418L01047,unresolved_conflict_requires_official_continuity_or_reuse_evidence
2022-11-04,NDL,INE875G01030,conflicting_symbol_isin,1284,INE875G01048,unresolved_conflict_requires_official_continuity_or_reuse_evidence
2022-11-04,NESTLEIND,INE239A01016,conflicting_symbol_isin,1295,INE239A01024,verified_subdivision_missing_dated_alias
2022-11-04,OCCL,INE321D01016,no_current_identity_candidate,,,no_current_nse_candidate_requires_listing_evidence
2022-11-04,OMKARCHEM,INE474L01016,no_current_identity_candidate,,,no_current_nse_candidate_requires_listing_evidence
2022-11-04,PARAS,INE045601015,conflicting_symbol_isin,1395,INE045601023,unresolved_conflict_requires_official_continuity_or_reuse_evidence
2022-11-04,PCJEWELLER,INE785M01013,conflicting_symbol_isin,1408,INE785M01021,unresolved_conflict_requires_official_continuity_or_reuse_evidence
2022-11-04,PEL,INE140A01024,no_current_identity_candidate,,,no_current_nse_candidate_requires_listing_evidence
2022-11-04,PERSISTENT,INE262H01013,conflicting_symbol_isin,1412,INE262H01021,unresolved_conflict_requires_official_continuity_or_reuse_evidence
2022-11-04,PGEL,INE457L01011,conflicting_symbol_isin,1417,INE457L01029,unresolved_conflict_requires_official_continuity_or_reuse_evidence
2022-11-04,PGIL,INE940H01014,conflicting_symbol_isin,1420,INE940H01022,unresolved_conflict_requires_official_continuity_or_reuse_evidence
2022-11-04,PIONDIST,INE889E01010,no_current_identity_candidate,,,no_current_nse_candidate_requires_listing_evidence
2022-11-04,PODDARHOUS,INE888B01018,no_current_identity_candidate,,,no_current_nse_candidate_requires_listing_evidence
2022-11-04,PREMEXPLN,INE863B01011,conflicting_symbol_isin,1471,INE863B01029,unresolved_conflict_requires_official_continuity_or_reuse_evidence
2022-11-04,PREMIERPOL,INE309M01012,conflicting_symbol_isin,7234,INE309M01020,unresolved_conflict_requires_official_continuity_or_reuse_evidence
2022-11-04,PRESSMN,INE980A01023,no_current_identity_candidate,,,no_current_nse_candidate_requires_listing_evidence
2022-11-04,RADHIKAJWE,INE583V01013,conflicting_symbol_isin,1504,INE583V01021,unresolved_conflict_requires_official_continuity_or_reuse_evidence
2022-11-04,RAJMET,INE00KV01014,conflicting_symbol_isin,1511,INE00KV01022,unresolved_conflict_requires_official_continuity_or_reuse_evidence
2022-11-04,RAMAPHO,INE809A01024,conflicting_symbol_isin,1519,INE809A01032,unresolved_conflict_requires_official_continuity_or_reuse_evidence
2022-11-04,RANEENGINE,INE222J01013,no_current_identity_candidate,,,no_current_nse_candidate_requires_listing_evidence
2022-11-04,RBL,INE244J01017,no_current_identity_candidate,,,no_current_nse_candidate_requires_listing_evidence
2022-11-04,REFEX,INE056I01017,conflicting_symbol_isin,1541,INE056I01025,unresolved_conflict_requires_official_continuity_or_reuse_evidence
2022-11-04,RELCAPITAL,INE013A01015,no_current_identity_candidate,,,no_current_nse_candidate_requires_listing_evidence
2022-11-04,REMSONSIND,INE474C01015,conflicting_symbol_isin,1549,INE474C01023,unresolved_conflict_requires_official_continuity_or_reuse_evidence
2022-11-04,RMCL,INE172H01014,no_current_identity_candidate,,,no_current_nse_candidate_requires_listing_evidence
2022-11-04,RNAVAL,INE542F01012,no_current_identity_candidate,,,no_current_nse_candidate_requires_listing_evidence
2022-11-04,ROLEXRINGS,INE645S01016,conflicting_symbol_isin,1573,INE645S01024,unresolved_conflict_requires_official_continuity_or_reuse_evidence
2022-11-04,ROLTA,INE293A01013,no_current_identity_candidate,,,no_current_nse_candidate_requires_listing_evidence
2022-11-04,ROTO,INE535D01029,conflicting_symbol_isin,1578,INE535D01037,unresolved_conflict_requires_official_continuity_or_reuse_evidence
2022-11-04,RPPL,INE760W01015,conflicting_symbol_isin,1584,INE760W01023,unresolved_conflict_requires_official_continuity_or_reuse_evidence
2022-11-04,RUSHIL,INE573K01017,conflicting_symbol_isin,1600,INE573K01025,unresolved_conflict_requires_official_continuity_or_reuse_evidence
2022-11-04,SABTN,INE416A01036,no_current_identity_candidate,,,no_current_nse_candidate_requires_listing_evidence
2022-11-04,SANCO,INE782L01012,no_current_identity_candidate,,,no_current_nse_candidate_requires_listing_evidence
2022-11-04,SANGHIIND,INE999B01013,no_current_identity_candidate,,,no_current_nse_candidate_requires_listing_evidence
2022-11-04,SANGHVIMOV,INE989A01024,conflicting_symbol_isin,1633,INE989A01032,unresolved_conflict_requires_official_continuity_or_reuse_evidence
2022-11-04,SAPPHIRE,INE806T01012,conflicting_symbol_isin,1638,INE806T01020,unresolved_conflict_requires_official_continuity_or_reuse_evidence
2022-11-04,SARDAEN,INE385C01013,conflicting_symbol_isin,1640,INE385C01021,unresolved_conflict_requires_official_continuity_or_reuse_evidence
2022-11-04,SDBL,INE480C01020,conflicting_symbol_isin,1662,INE480C01038,unresolved_conflict_requires_official_continuity_or_reuse_evidence
2022-11-04,SECURCRED,INE195Y01010,no_current_identity_candidate,,,no_current_nse_candidate_requires_listing_evidence
2022-11-04,SERVOTECH,INE782X01017,conflicting_symbol_isin,1672,INE782X01033,unresolved_conflict_requires_official_continuity_or_reuse_evidence
2022-11-04,SHAILY,INE151G01010,conflicting_symbol_isin,1683,INE151G01028,unresolved_conflict_requires_official_continuity_or_reuse_evidence
2022-11-04,SHAREINDIA,INE932X01018,conflicting_symbol_isin,1693,INE932X01026,unresolved_conflict_requires_official_continuity_or_reuse_evidence
2022-11-04,SHRADHA,INE715Y01015,conflicting_symbol_isin,1703,INE715Y01031,unresolved_conflict_requires_official_continuity_or_reuse_evidence
2022-11-04,SHRIRAMCIT,INE722A01011,no_current_identity_candidate,,,no_current_nse_candidate_requires_listing_evidence
2022-11-04,SICAL,INE075B01012,no_current_identity_candidate,,,no_current_nse_candidate_requires_listing_evidence
2022-11-04,SIGACHI,INE0D0K01014,conflicting_symbol_isin,7267,INE0D0K01022,unresolved_conflict_requires_official_continuity_or_reuse_evidence
2022-11-04,SIKKO,INE112X01017,conflicting_symbol_isin,1724,INE112X01025,unresolved_conflict_requires_official_continuity_or_reuse_evidence
2022-11-04,SILVERTUC,INE625X01018,conflicting_symbol_isin,1729,INE625X01026,unresolved_conflict_requires_official_continuity_or_reuse_evidence
2022-11-04,SKMEGGPROD,INE411D01015,conflicting_symbol_isin,1743,INE411D01023,unresolved_conflict_requires_official_continuity_or_reuse_evidence
2022-11-04,SONAMCLOCK,INE00LM01011,no_current_identity_candidate,,,no_current_nse_candidate_requires_listing_evidence
2022-11-04,SPENTEX,INE376C01020,no_current_identity_candidate,,,no_current_nse_candidate_requires_listing_evidence
2022-11-04,SPICEJET,INE285B01017,no_current_identity_candidate,,,no_current_nse_candidate_requires_listing_evidence
2022-11-04,SPLPETRO,INE663A01025,conflicting_symbol_isin,1775,INE663A01033,unresolved_conflict_requires_official_continuity_or_reuse_evidence
2022-11-04,SPORTKING,INE885H01011,conflicting_symbol_isin,1777,INE885H01029,unresolved_conflict_requires_official_continuity_or_reuse_evidence
2022-11-04,SPTL,INE501W01021,no_current_identity_candidate,,,no_current_nse_candidate_requires_listing_evidence
2022-11-04,SREINFRA,INE872A01014,no_current_identity_candidate,,,no_current_nse_candidate_requires_listing_evidence
2022-11-04,SRPL,INE008Z01012,no_current_identity_candidate,,,no_current_nse_candidate_requires_listing_evidence
2022-11-04,SRTRANSFIN,INE721A01013,no_current_identity_candidate,,,no_current_nse_candidate_requires_listing_evidence
2022-11-04,SSWL,INE802C01025,conflicting_symbol_isin,1786,INE802C01033,unresolved_conflict_requires_official_continuity_or_reuse_evidence
2022-11-04,STEELCAS,INE124E01020,conflicting_symbol_isin,1795,INE124E01038,unresolved_conflict_requires_official_continuity_or_reuse_evidence
2022-11-04,SUBCAPCITY,INE845C01016,no_current_identity_candidate,,,no_current_nse_candidate_requires_listing_evidence
2022-11-04,SUMEETINDS,INE235C01010,conflicting_symbol_isin,1811,INE235C01036,unresolved_conflict_requires_official_continuity_or_reuse_evidence
2022-11-04,SURYAROSNI,INE335A01012,conflicting_symbol_isin,1838,INE335A01020,unresolved_conflict_requires_official_continuity_or_reuse_evidence
2022-11-04,SUULD,INE591Q01016,no_current_identity_candidate,,,no_current_nse_candidate_requires_listing_evidence
2022-11-04,TALBROAUTO,INE187D01011,conflicting_symbol_isin,1859,INE187D01029,unresolved_conflict_requires_official_continuity_or_reuse_evidence
2022-11-04,TANTIACONS,INE388G01018,no_current_identity_candidate,,,no_current_nse_candidate_requires_listing_evidence
2022-11-04,TATACOFFEE,INE493A01027,no_current_identity_candidate,,,no_current_nse_candidate_requires_listing_evidence
2022-11-04,TATAINVEST,INE672A01018,conflicting_symbol_isin,1874,INE672A01026,unresolved_conflict_requires_official_continuity_or_reuse_evidence
2022-11-04,TATAMETALI,INE056C01010,no_current_identity_candidate,,,no_current_nse_candidate_requires_listing_evidence
2022-11-04,TATAMTRDVR,IN9155A01020,no_current_identity_candidate,,,no_current_nse_candidate_requires_listing_evidence
2022-11-04,TATASTLLP,INE674A01014,no_current_identity_candidate,,,no_current_nse_candidate_requires_listing_evidence
2022-11-04,TCIDEVELOP,INE662L01016,no_current_identity_candidate,,,no_current_nse_candidate_requires_listing_evidence
2022-11-04,TCNSBRANDS,INE778U01029,no_current_identity_candidate,,,no_current_nse_candidate_requires_listing_evidence
2022-11-04,TDPOWERSYS,INE419M01027,conflicting_symbol_isin,1887,INE419M01035,unresolved_conflict_requires_official_continuity_or_reuse_evidence
2022-11-04,TECHIN,INE778A01021,no_current_identity_candidate,,,no_current_nse_candidate_requires_listing_evidence
2022-11-04,TEMBO,INE869Y01010,conflicting_symbol_isin,1896,INE869Y01028,unresolved_conflict_requires_official_continuity_or_reuse_evidence
2022-11-04,TFCILTD,INE305A01015,conflicting_symbol_isin,1902,INE305A01023,unresolved_conflict_requires_official_continuity_or_reuse_evidence
2022-11-04,THEMISMED,INE083B01016,conflicting_symbol_isin,1910,INE083B01024,unresolved_conflict_requires_official_continuity_or_reuse_evidence
2022-11-04,TINPLATE,INE422C01014,no_current_identity_candidate,,,no_current_nse_candidate_requires_listing_evidence
2022-11-04,TIPSINDLTD,INE716B01011,no_current_identity_candidate,,,no_current_nse_candidate_requires_listing_evidence
2022-11-04,TTL,INE592B01016,conflicting_symbol_isin,1962,INE592B01024,unresolved_conflict_requires_official_continuity_or_reuse_evidence
2022-11-04,TV18BRDCST,INE886H01027,no_current_identity_candidate,,,no_current_nse_candidate_requires_listing_evidence
2022-11-04,UDAICEMENT,INE225C01029,no_current_identity_candidate,,,no_current_nse_candidate_requires_listing_evidence
2022-11-04,UJAAS,INE899L01022,no_current_identity_candidate,,,no_current_nse_candidate_requires_listing_evidence
2022-11-04,UJJIVAN,INE334L01012,no_current_identity_candidate,,,no_current_nse_candidate_requires_listing_evidence
2022-11-04,UMANGDAIRY,INE864B01027,no_current_identity_candidate,,,no_current_nse_candidate_requires_listing_evidence
2022-11-04,UNITEDPOLY,INE368U01011,conflicting_symbol_isin,7287,INE368U01029,unresolved_conflict_requires_official_continuity_or_reuse_evidence
2022-11-04,V2RETAIL,INE945H01013,conflicting_symbol_isin,2010,INE945H01021,unresolved_conflict_requires_official_continuity_or_reuse_evidence
2022-11-04,VAISHALI,INE972X01014,conflicting_symbol_isin,7289,INE972X01022,unresolved_conflict_requires_official_continuity_or_reuse_evidence
2022-11-04,VARDMNPOLY,INE835A01011,conflicting_symbol_isin,2130,INE835A01029,unresolved_conflict_requires_official_continuity_or_reuse_evidence
2022-11-04,VBL,INE200M01013,conflicting_symbol_isin,2018,INE200M01039,unresolved_conflict_requires_official_continuity_or_reuse_evidence
2022-11-04,VCL,INE098201028,conflicting_symbol_isin,2019,INE098201036,unresolved_conflict_requires_official_continuity_or_reuse_evidence
2022-11-04,VERTOZ,INE188Y01015,conflicting_symbol_isin,7292,INE188Y01031,unresolved_conflict_requires_official_continuity_or_reuse_evidence
2022-11-04,VESUVIUS,INE386A01015,conflicting_symbol_isin,2028,INE386A01023,unresolved_conflict_requires_official_continuity_or_reuse_evidence
2022-11-04,VICEROY,INE048C01017,no_current_identity_candidate,,,no_current_nse_candidate_requires_listing_evidence
2022-11-04,VIKASPROP,INE767B01022,no_current_identity_candidate,,,no_current_nse_candidate_requires_listing_evidence
2022-11-04,VIKASWSP,INE706A01022,no_current_identity_candidate,,,no_current_nse_candidate_requires_listing_evidence
2022-11-04,VISAKAIND,INE392A01013,conflicting_symbol_isin,2049,INE392A01021,unresolved_conflict_requires_official_continuity_or_reuse_evidence
2022-11-04,VISESHINFO,INE861A01058,no_current_identity_candidate,,,no_current_nse_candidate_requires_listing_evidence
2022-11-04,VISHNU,INE270I01014,conflicting_symbol_isin,2050,INE270I01022,unresolved_conflict_requires_official_continuity_or_reuse_evidence
2022-11-04,WEBELSOLAR,INE855C01015,conflicting_symbol_isin,2075,INE855C01023,unresolved_conflict_requires_official_continuity_or_reuse_evidence
2022-11-04,WFL,INE02WG01016,no_current_identity_candidate,,,no_current_nse_candidate_requires_listing_evidence
2022-11-04,WINPRO,INE974C01022,no_current_identity_candidate,,,no_current_nse_candidate_requires_listing_evidence
2022-11-04,ZYDUSWELL,INE768C01010,conflicting_symbol_isin,2124,INE768C01028,unresolved_conflict_requires_official_continuity_or_reuse_evidence
