date,source_id,source_sha256,source_count,mapped_count,unmapped_count,mapping_percentage,needed_to_90,historical_identity_mapped_count,no_current_identity_candidate,conflicting_symbol_isin_without_dated_evidence,ambiguous_current_isin
2022-11-04,f85aabce-a346-41e8-bd60-643d3d7ee628,483beea8f0ea3ea980e4a183b1457d6f86644767343181babcc0617ce5895001,1836,1580,256,86.0566,73,1,106,146,4
2022-11-11,fd57a53f-4b67-49a5-91bc-7234d1f106bc,b9523369ba3dc3c313b260bca582a8ff30a7d905e493e11fea6074c69367e53a,1830,1578,252,86.2295,69,1,102,146,4
2022-11-18,d3be0612-f238-40ab-984d-d6627f34909d,24c816142e42fe9498362de8ea40186d0227088f331d4ed075d6792d0054e4d2,1834,1584,250,86.3686,67,1,100,146,4
2022-11-25,89cc2b41-97f7-4aa1-8a89-63f20e64bbab,a640d75b1686b962079956641bef7369476bea6a940932cd6fd0ef2172aa9665,1841,1594,247,86.5834,63,1,97,146,4
2022-11-30,65916954-48d9-4295-a27d-62762dc433aa,909b2d7ed390185a7428b6d29757902794e54151895672bb682ae5cbd0dbffe3,1840,1595,245,86.6848,61,1,95,146,4
2022-12-02,62c787e9-cbdf-4ea8-b41b-a92ccf810bbd,2dbb6f501b0b97a7a346197a6dbb4f865ec109672930bd00d2cc31df76067dcc,1849,1599,250,86.4792,66,1,100,146,4
2022-12-09,c15889af-2188-4d0a-97f0-4c8c748f445f,80163cb8e5b29f9ee457bf80c73b0264e6a1ed643f85e5355d3d71f1cd83d79b,1847,1600,247,86.627,63,1,96,147,4
2022-12-16,5c547013-cb40-4908-8ff7-331cd70a1768,503911206acba37ceafdca0c6d98f8110f5c23d864ba8ab506ea97c011508bdc,1846,1600,246,86.6739,62,1,96,146,4
2022-12-23,2d967867-db75-40bb-aadc-c0eaaa376157,311e128ebab359ae2a2dafe4da4ffe131b12835360272744f29967ebb797c0ef,1848,1603,245,86.7424,61,1,94,147,4
2022-12-30,9c61e002-677f-4797-a31f-72eaa9f7b954,52d1f35409628e58003bb4745ab66110e700982cae2312c63d7aeb02010985c8,1852,1606,246,86.7171,61,1,96,146,4
2023-01-06,78ca2dc7-5564-46eb-bca9-aaf1004f4b6c,103bfc81ee8b81a3151de549833112a5b50c3e8f2483586644b8b3c14ef14080,1860,1613,247,86.7204,61,1,96,147,4
2023-01-13,296b7d6b-7fb9-4115-bd30-38f5a2eea753,05cc30e081b74e18f25b45f02d73b2f395fd190a1b576b314bde37910d3b8b0e,1856,1613,243,86.9073,58,1,93,146,4
2023-01-20,fe21eb0e-16f3-4e75-8531-5ce1665e50a9,e700ec7972a9632baaa990cb503dd819599ec25f79347d117861ad153a7a7703,1854,1613,241,87.0011,56,1,91,146,4
2023-01-27,711808a1-75fb-40d5-b039-66a63d8dc5cc,ee93d908b0e8b13347cc18e677d2de9c40d1acd327a474624d494a3bf306b183,1857,1615,242,86.9682,57,1,90,148,4
2023-01-31,64cc427b-c922-4668-95a1-2e9c6ece2701,e090a1b9a856e04ab3e2046b5ef817dca41e81f7adf75cafa17c92d531997b4f,1858,1617,241,87.0291,56,1,89,148,4
2023-02-03,4d8f817e-582d-4c89-be5f-ee86c9893408,f0379813c7d75d9bd0332d93fbf48587f3274484221a062c7d3d138f9cdc15d9,1868,1622,246,86.8308,60,1,94,148,4
2023-02-10,61b87493-a4e4-4a54-8c7b-08d37465fbc4,95bb7d9fd6802e9706372926878d3ddbf72da5192cbe87bce83e0a7ee8507721,1865,1621,244,86.9169,58,1,92,148,4
2023-02-17,b2af2705-e5ad-4209-a9df-9afe8c8f0464,f1af8c1071c5eb9183a957b752545736437f311dca8e9fcb77d240cedf48d55a,1858,1617,241,87.0291,56,1,90,147,4
2023-02-24,21f90066-ddcf-4bed-a4d0-4784d15421ba,f0f5d018f25ff89e23dc572365931f27afaede5c1223443bfdb7a3536916388c,1866,1626,240,87.1383,54,1,90,146,4
2023-02-28,d89bae03-6e0c-4ad2-8dba-c53bde33a208,c461e874d688af50fdc153dde233a1db552eab0a3e61473aa10365905d423eab,1863,1623,240,87.1176,54,1,90,146,4
2023-03-03,1eae3368-3982-403e-919b-61daa78daa45,2fd91c260218c9646aa667c98f691f240a62712ca7e07b2094f38366ec0c29fd,1870,1630,240,87.1658,53,1,91,145,4
2023-03-10,9d8e2366-4957-4fdf-9196-4be5b7b53647,a364d03af5466bdf368c1d146e37cd0d66413581d49dee69803ef71ee07c0491,1867,1630,237,87.3058,51,1,87,146,4
2023-03-17,481e1011-fa78-4093-a3b4-2fc259d457b3,6a113353591073df7250853b51761c745e71758a38083a9ac73ecd1b039c479b,1864,1635,229,87.7146,43,1,82,143,4
2023-03-24,bdfcace4-a5c8-4c70-b9bc-b1675ea061db,bd4a6cc7c6df5a27fb642eb77745292f08e1d773faff781de2bfa5b2edea3035,1864,1635,229,87.7146,43,1,82,143,4
2023-03-31,a38b5aea-356c-4ad9-94b9-89470f315f31,00b821099c0d19e0d223af90b6b4e370061ac478876a1c2d08bd19b175c20e9f,1863,1635,228,87.7617,42,1,81,143,4
2023-04-06,f1a9484e-055e-4b13-81b6-2caac20d2971,6a350ee6457cd04d1c583eb2558753f959bb7376c0e154d23de9087ff5d350c9,1872,1639,233,87.5534,46,1,84,145,4
2023-04-13,f0f8acd8-5c8e-4967-bd58-bc5c5791c7e0,52eb571e5347ec5b68a11005d43bd88bf279f700c3b6f9e281f83d9814a30afd,1861,1634,227,87.8023,41,1,78,145,4
2023-04-21,36cbe9f4-39c9-4d31-9ccd-9ab23b3e716f,a1c2427c9fc2606cc93fdf18a804924b0c807f3b657cac276dad0bdbca06d714,1855,1634,221,88.0863,36,1,73,144,4
2023-04-28,8ee55f70-65b2-42d3-87c4-f94c11810c6e,8f2d6974103bd2fed9987141128220a5309150b411ee4c64dc6075c21102d1de,1856,1636,220,88.1466,35,1,72,144,4
2023-05-05,915137c0-2cbc-41ed-8c54-70f1509db932,9a489c0286750ac9b3352b23968d52f83937b06bf4241aa4846aeb8fd3afaa2a,1853,1636,217,88.2893,32,1,70,143,4
2023-05-11,814d11ab-105e-445c-a110-cfa95c6ee8a3,c4ed42c0e6d7bb25527ca3a031b42478bdfd7335b2cc8947bbcd3fdda4968f91,1854,1642,212,88.5653,27,1,67,141,4
2023-05-12,aeea7a4c-2a86-44d3-aae5-8e203dfdbd58,b40d8dbf0310e4f48c377d260854d5ad9925deac76c764732b015ed514a5405e,1855,1642,213,88.5175,28,1,67,142,4
2023-05-15,27fddf49-dc39-4966-bf68-0b5d63724804,cd8d300ec5f6a2b7d86869d5835f300b61f6b9fb78195f0d2b5b5c2bb9c78102,1900,1663,237,87.5263,47,1,89,144,4
2023-05-19,4c213f2f-39a9-4b7f-b3df-03b05604de8c,39edd06142cd61d538bd33967443d8ee0a0249d119e9033a220d727f5f329089,1852,1641,211,88.6069,26,1,66,141,4
2023-05-22,44b1410e-24a6-4158-bed2-bdfb544a9340,3d7b1f340912f74429b799c6268ebd1f6f04ce5755597654efa4cddc12259eb8,1898,1661,237,87.5132,48,1,89,144,4
2023-05-26,0395bb63-9b47-4db1-9929-08382b11ecdc,ec9741dc6caa72f13c8702e158b74c709e9deca7db5c22cf5af0a78c4fcaea45,1847,1639,208,88.7385,24,1,64,140,4
2023-05-31,e16a2da9-cc7e-4144-9526-3eff46e93522,8a3b9257889b24215962bc6eda88737d958b32280f82dceda03274a18a7e3a24,1854,1645,209,88.7271,24,1,65,140,4
2023-06-02,6e5cf8f9-c1c9-4ba7-b24a-dbaa30a8375d,00b93f61a698023735313ec132c49e8a14e34d1499854d887cafede012c95a89,1877,1654,223,88.1193,36,1,77,142,4
2023-06-05,67f2292b-ce42-4329-85ac-83e50185702d,2c7eb08a9149c8ff23dafa7ba6f98adf21255dbb06dcda9ea124c04e9c6d7446,1901,1667,234,87.6907,44,1,87,143,4
2023-06-09,79e9991b-aaa8-45af-9d83-3158704b94cc,85acd79c701172d4689fcc3513b1ee3436b67157ec63eb6fb6f9e980f3f23302,1877,1655,222,88.1726,35,1,76,142,4
2023-06-13,a1c4a832-5b27-49bb-84be-df36e7f27890,1ddbf9b6d13ffa4ffa06340a1a1f2fac57b3a2c5182381d5c6e96d15ce748c37,1879,1657,222,88.1852,35,1,77,141,4
2023-06-16,494fef5c-6d56-4646-bddc-5f9c1a5e7aa4,9318383c29853d90b58e094f3e52165a49f87b80decc17c2b245bed37eee60c7,1874,1653,221,88.207,34,1,76,141,4
2023-06-19,844bf59c-7784-4814-8aca-334207c91608,40c9c96b3f0a4c4e32b3bd73ade029cde65df08779ac36e0b123ebe7a746459a,1907,1668,239,87.4672,49,1,91,144,4
2023-06-23,317fc0b8-f23b-433b-80e2-3138ae2593a7,6b28e5e262f83facf952ef1f2c74f9c3cce9bc40219934ec96e0dd42db374e8e,1866,1650,216,88.4244,30,1,72,140,4
2023-06-26,45c66f16-1c58-4645-8021-215d540c65fa,bfc58e8e871fb777e68d2f72ecd37fe3d6f03e7e05cc10898f59385ade934dc6,1906,1672,234,87.723,44,1,87,143,4
2023-06-30,acb595da-53d1-4237-85b0-7a1596a28e0b,d9f3c3bffd293c867810da80b13a7e45fc89fae987c9b8460a787ab06277c691,1863,1649,214,88.5132,28,1,70,140,4
2023-07-07,d20be6df-0869-49da-8987-56422a1d210e,2568a7c129d4044c2013ea19cc492cb506d53ddc6286c0d480772a6fa6f81117,1856,1642,214,88.4698,29,1,67,143,4
2023-07-10,8e952216-0889-4c80-93a2-d9f78a092ca5,96d5c7dfb0b45480d15289f6c73970ee4e4700255abd247636f6f2b76bdcf40e,1903,1670,233,87.7562,43,1,85,144,4
2023-07-14,0c03502c-41d5-431e-ad2d-9d22db5e6feb,29adbb7836f23804a24727f877d704c2d44042bfb3e62b8334a54f50086a9d20,1844,1633,211,88.5575,27,1,64,143,4
2023-07-17,6bd6309c-3dbd-4764-b24f-ae189f2ae0cd,1a5fa8b1ef378d3a1e5d97da5a3ccdb586a9f0c28abc27a49cdca70571c69797,1917,1682,235,87.7413,44,1,85,146,4
2023-07-21,7db37c54-f478-49fa-92fb-81e3fc0f8dad,09562f17be4165b6c1f513fa7358fbd2fa22b1f6a0a85f288c9d375e2de2e158,1832,1625,207,88.7009,24,1,60,143,4
2023-07-24,e1bd12f0-14d9-49e9-8cc3-d5a2c5da5c8c,dd31f2c5a541e57e45966996a1467e9677552fa04cfa3f9153f3a302f9e80732,1917,1681,236,87.6891,45,1,86,146,4
2023-07-26,03ac8ddc-4868-4eaf-a301-093f7a6287c8,20b7ffba9773bb786bd5ff72339924676b87db14cc2dc273303a2454df8cec59,1879,1666,213,88.6642,26,1,65,144,4
2023-07-28,c583461c-5ac8-4d97-a52b-8388537ce903,b830023b5f390b7bc3c144828a63c9954f6a196757ad712e6b1a8cbeba3ae199,1878,1668,210,88.8179,23,1,65,141,4
2023-07-31,a5efa02d-ab31-4608-ad9b-3f27461f71fb,d8edfa781ba7f73cf821ec89d3615b130f9c4072a395bf30cc8a440e965f81b0,1917,1686,231,87.9499,40,1,85,142,4
2023-08-04,b7ade696-536c-4cae-b457-97a50d22b820,bb63a60ba1e5881116bef47ca06283d6973f5533ae6a6bf63763915586ec0159,1888,1675,213,88.7182,25,1,69,140,4
2023-08-07,3d3d8ee6-1b3f-42a5-8341-c5ed7fb2a962,13c50605d38067fe076e2997ed7dd23af0acb3d3fa2c4b7f339efad0299074bc,1919,1687,232,87.9104,41,1,87,141,4
2023-08-11,eacb8583-573a-44e7-b28f-be25c6bead49,e7d654a1f1a024ddf7a05ea6f37fd2f9aedb69265bcaf4c9e3269d9f3f713d12,1890,1679,211,88.836,22,1,68,139,4
2023-08-18,76000692-b7da-406b-b5d3-c938282893cc,20df2a03f8be4e55d4a1c0bd8061ded4c10b95943db54bb1d8c8359873d9ffed,1889,1683,206,89.0948,18,1,64,138,4
2023-08-25,c6b26a3f-85fd-45d2-bc54-d03a9dffa5d7,3a76c750a84bf4d83481940596dfc9c0cf88483fbaaab1f88a88543706bf1c7e,1891,1685,206,89.1063,17,1,64,138,4
2023-08-31,2f5586dd-0fc0-494d-9411-9b068df0268d,bf6d2df49cd909e57de63947883482bf924558b3d53047615c1ef717aa061425,1896,1691,205,89.1878,16,1,63,138,4
2023-09-01,63e1158b-ddc7-4f41-9c81-b8e545dd46f2,c954d23794dc09eb96e59f7604157e84157e0c98ac749d1045d082c6f69e55af,1907,1695,212,88.8831,22,1,69,139,4
2023-09-08,cc1a6e98-8b16-4df1-8f56-c4f1da5fbf6d,3e2db4046de549f8728d7afc7b8b38400e923b6e8e93cf029706849663fd49db,1905,1695,210,88.9764,20,1,67,139,4
2023-09-15,18bfe479-3c95-409c-8819-875ba8c70b81,c5fcfc1ddfd5f5e1bac17573d23addb38aca2a8537135d5773166693db49ed3f,1900,1698,202,89.3684,12,1,63,135,4
2023-09-22,a7c7778f-d904-4756-ba7f-e87b1bd687ee,5896ea01b0a5cd449cd5220d462709afd2a09ec33c79ae550673c9caaf8b96ee,1902,1701,201,89.4322,11,1,61,136,4
2023-09-29,64feba5e-2030-4497-aa7d-9fac7e39aee8,4fe4036b4505c24903ab758a5dab2f513b17d05a37ac8e523f117b99aa1b2e4a,1907,1708,199,89.5648,9,1,59,136,4
2023-10-06,8965b693-315a-43ed-835d-4b314b560ccd,83ce49ad44ed7efc81606d8228a3b63a9f3d75ce02edf619552421568007b9b9,1920,1716,204,89.375,12,1,65,135,4
2023-10-13,0a948bce-b758-41c7-8646-232b19bbaeb2,b120ba049ebd5b2ca9f339cef209352672fce0176d5360cb2b7f750946df9730,1921,1721,200,89.5888,8,1,63,133,4
2023-10-20,4b92ae62-ab51-4bfa-88f7-29bd7534afa3,f1eeb5098f937d3daec105795813c697673f33eb94b0f21e40f6690a84f4001c,1919,1722,197,89.7342,6,1,59,134,4
2023-10-27,0829e4cc-897d-4d4b-a13c-871674362823,4d0cdf747ea76a6cca0e3891f9e8778c857072e34f3ae6bcbf62f3b723162118,1906,1714,192,89.9265,2,1,58,130,4
2023-10-31,0c019c88-c248-48af-9784-b252d12cc9ce,a18ac46ff035f40814260197877e1ecd7cabc1fd2e10baed4268f855f63ea8fd,1905,1714,191,89.9738,1,1,57,130,4
2023-11-03,9bf569c5-906f-4fe1-8f6d-22f838a29750,11cbad39e19574deeaf371ee65296755507f0a8cc1aef01319ca1fe98e55dea3,1917,1720,197,89.7235,6,1,63,130,4
2023-11-10,ad338ccb-f9a7-4778-bad9-4b8faeeeec6f,5406c4b7f899bcc833ac0884967a0f581ddf414a5b83ccc532b5559b585204d0,1921,1729,192,90.0052,0,1,61,127,4
2023-11-17,cdbb6c08-ccab-4682-b1c5-99b0b4aaade4,0ad10e6f4c15931524ef93a516ed0c3e1ff0f3dd4ab919d042c37db7f98d1d53,1925,1735,190,90.1299,0,1,59,127,4
2023-11-24,1afc1683-0057-4310-b2ad-d5f9b6ae6f3f,6c642e239a0990ce3002780e1f594f63e10bd86c4748c54173ab0a0472824211,1919,1732,187,90.2553,0,1,58,125,4
2023-11-30,8a1b3096-cf3b-452e-afec-a19e403d292e,7f4d8b4c18d18b3a435e8aaa97f90905c16ad42533bb9d1f320e17194970d310,1922,1736,186,90.3226,0,1,57,125,4
2023-12-01,856e9e9c-967b-49e3-8467-87258971303e,881f862617e79a87775dfc9f0452da3235814aff663e1eec8b6065d3f1017bfa,1934,1744,190,90.1758,0,1,60,126,4
2023-12-06,8592f2b0-5409-40a5-97f0-ecaf5f74ac99,cacb498846da1cf6e2104df27e979b92d626d8131ec7c6b1deebb2d2e777b247,1930,1741,189,90.2073,0,1,59,126,4
2023-12-08,1f0c7dd3-5f5d-4989-9a88-a6d7784b1c42,f9187b2aaa0ec50293c1138c1f85755a4573263348d6dec59f10b372e788e8ba,1931,1741,190,90.1605,0,1,60,126,4
2023-12-15,2294e80d-3d2c-4119-806f-62fc25bb42e5,ab30f40c63caa2fb91d1be5afcf1e040af57ce33657fcbc2d6410fe2d711fcb5,1925,1739,186,90.3377,0,1,57,125,4
2023-12-22,442efecc-0366-4e04-8362-c41dea3e2a9c,2de472062f32466873816511519ccd7133ac31206264935b9fdd7a71cac610dc,1929,1744,185,90.4095,0,1,56,125,4
2023-12-29,a6c21d44-2b41-4c44-b65a-6f969bef648c,3508952f8f39599b868befc28977cde1b0e8e6f4b38510d6f1eb0967864f746b,1937,1751,186,90.3975,0,1,57,125,4
2024-01-05,071ae4c7-66f7-46c9-9920-6ae2e2f94838,260a483cc0a77f079f6e8b13ca8b15f9c3d085ff3dec74aa7677a8017efbe5ce,1944,1755,189,90.2778,0,0,61,124,4
2024-01-12,6053101d-230a-4a72-b244-0b137a55820d,7ab9042ea26d793a1f7c3ba228fd85d29e4111bdee9ada3674a001c5b676415e,1934,1754,180,90.6929,0,0,54,122,4
2024-01-19,fa541ab3-4904-475e-b307-03565def4234,6816cebba24d05430c352d09f94388e09c20bb333ff33defb2329e5740e0840b,1932,1754,178,90.7867,0,0,53,121,4
2024-01-25,e1f3a9d0-f7d3-4076-a44e-5142b288ebab,4346921c7b3caf97b65c2179a5c0f5fcfdb7a41d65b8c15b402d8a9e73664ad1,1930,1756,174,90.9845,0,0,49,121,4
2024-01-31,9a2cc9dd-6310-42c5-99dd-ee5f02dcec42,ff382773acadbaa4455a66d0ecb13757c1185f3139042cdfe401696b12ceec49,1932,1757,175,90.942,0,0,50,121,4
2024-02-02,f52d7fad-5bea-45ee-af46-a3062dc93c90,0044c5d6a22dc3c378869cfb2ba416086c174419ef7b1c9d50a6da933953e610,1942,1764,178,90.8342,0,0,52,122,4
2024-02-09,15a1053c-84e0-4804-896f-d22d25458f81,c780e8a43caa4c1640ab0e9e7eb4320bc3b94f3a5928408fd64b4201470ef6ae,1939,1761,178,90.82,0,0,51,123,4
2024-02-16,4866788e-47fb-4a72-a247-8b10096bef6b,7eb1ba760d2653bf316108ba5d32505be52660ffa1651b14de615154166fd293,1941,1764,177,90.881,0,0,50,123,4
2024-02-23,319234ee-27f1-46bd-b629-f2e2bb670648,b7fe997a2bab4351d408e3b33d776e3feee9d983a0915c1f0dcff614986e253b,1939,1764,175,90.9747,0,0,48,123,4
2024-02-28,5caf1675-726f-4ee9-bf0b-019fef3877d2,375b2dc601545c556532058ea56bca8562813387341d5fa3465bc214991f8e8a,1941,1766,175,90.984,0,0,48,123,4
2024-02-29,2b28c2b7-341f-42b1-ba4e-608818e024e2,0d477a55f44828b40dc22b210dbbc9601f1953741691a445a0d32c85f5f698d5,1943,1767,176,90.9418,0,0,49,123,4
2024-03-01,0bd2c1fa-cdcd-46ac-9f10-8b59f5caa015,2a2f520c9de0e82b1d78e4c92fa68119192a0920febb3529fa2e9abcd18137cc,1955,1773,182,90.6905,0,0,55,123,4
2024-03-07,6a5f656a-5fc5-44df-8023-86898c2382ec,53be879409bba1f3fb209ad25f78e87f075564aabf25fca7ff7e5dcdd2bde814,1958,1777,181,90.7559,0,0,57,120,4
2024-03-14,6b166322-ca0d-4d76-8efd-23fb9c649c99,c367cc2f851b1e987e50b7ae8372acad4f1f11fa82bc86d5f09ba717f10121fd,1961,1782,179,90.872,0,0,55,120,4
2024-03-15,35721cde-3966-4232-b5ca-6e585c255dbf,a86e4f638bd3bfc254eb2e7fa75d7b55d387ca48225a92d1a5d079e5b1f6e8f1,1959,1781,178,90.9137,0,0,54,120,4
2024-03-22,e0504130-5db2-44a2-b855-4bbfd15b092a,f41b9c664734cfb40c581c32ac242fc6c66d240ae7778fa0bb9f268951a5ea9c,1960,1782,178,90.9184,0,0,55,119,4
2024-03-28,1db3cbd5-0210-4aca-ac39-37c1d5032408,70d5216352124ff93925b0fd71d297783e2d5227961b01e73270228617f8bbf0,1962,1785,177,90.9786,0,0,56,117,4
2024-04-05,c41c7957-df58-4fb7-adec-193cf42725da,54e0e510a400d88b662c4819a5dc5441663fa80ab1e4cb59f21b4050ecd525f5,1972,1795,177,91.0243,0,0,58,115,4
2024-04-09,69a23cd8-af8e-4ae0-ae5b-6571527149f3,23dc8667a59149cf341693fa298ad071ab1b926ec02638b0911277ddb910bb67,1964,1791,173,91.1914,0,0,54,115,4
2024-04-12,938664a3-371c-4214-a45a-2c869a466d43,4804864b58b946ab2573b1e6c0ea7e3b063ee7943daab184cb09d51f90cfa09a,1963,1791,172,91.2379,0,0,52,116,4
2024-04-19,42b2e343-65fd-43ed-92eb-748600317351,ad353c49d450dbf35d5a72a8f25e46861e6637051cd29d14fb2d9d9b41bf7150,1966,1794,172,91.2513,0,0,52,116,4
2024-04-26,84229118-1024-406f-9c33-c56c5a1c7cce,a0f72e8229a3c84e92bc9e3f0b755c976d1c4bb9495eaede9032fa3c44ee0c1f,1968,1795,173,91.2093,0,0,54,115,4
2024-04-30,e44bd2e5-4fee-4b9f-ada9-b49f59f1e899,e3af622008f6a59ef52203d4467f16c96d25a9ace47d21bd4634407140dec881,1970,1797,173,91.2183,0,0,54,115,4
2024-05-03,ee98ba51-50bd-46c7-923e-78322e5ab92c,41301262dc6f02490cf8bfdfda4455472d95f7c8b94156899440ac9fd0c6bc43,1969,1798,171,91.3154,0,0,53,114,4
2024-05-10,e05261ec-2121-468e-bebc-4d6bdde43cf5,9d8766b211410a6a00b7c8cfe92dee953e224d508439bdbbf1dab906ac1ab57e,1965,1796,169,91.3995,0,0,51,114,4
2024-05-17,32d87680-2d0f-44b7-93ef-48085e090e24,d459733b4bec616bcb08e88b66ffd37dddedf8ae8ec6ee455cba7ca219c00afd,1971,1804,167,91.5271,0,0,52,111,4
2024-05-24,2b279039-c7d7-4fed-aa9b-074dbcd48741,cb713f7f11b0aa05f620dfd7cf2291fa25ebc1a6270dfda0681c2c3d1d1f5e23,1969,1803,166,91.5693,0,0,51,111,4
2024-05-31,03c1b615-79d0-4752-acde-2c52dcdb927e,b19886a96cbbda5f28474bd681bf21753b8ee73638bab880904f3f2ee390e0dc,1964,1806,158,91.9552,0,0,47,107,4
2024-06-07,b86b3273-70bc-450a-b863-75ab6c03f1af,74de16fe8f1b2d23aa05e116351dcbc5aa43f3e1c6dca6874a3b705740f7db87,1984,1821,163,91.7843,0,0,52,107,4
2024-06-13,fc5b7d51-2365-4f16-bbd3-59982a14a7d4,b40578cfcd89c3df7d00f85c5d6f9effc08337cfaa02421a47c4a82952326d72,1986,1822,164,91.7422,0,0,53,107,4
2024-06-14,59469749-ff3f-4d45-9f6e-65ec88bc6a44,f058ec2cb9f88c59cc61a3064cd3b2e1b85dc578d46fe9d2fc224dc91651d5b6,1981,1818,163,91.7718,0,0,52,107,4
2024-06-21,46105c77-bbe0-41d0-b405-61b979625203,2ab65039c466a2311e441ecf23fbd6cba60d722a1adbc2cf44f6fe56b2e93de0,1975,1816,159,91.9494,0,0,50,105,4
2024-06-28,1fd1658b-9efb-42ed-9929-7ef28e2e546a,73611b56e0e6fbea1cd0c6e8e1b90ac4ecfeb5bc43d8776b5e688bc3de397b1a,1979,1822,157,92.0667,0,0,49,104,4
2024-07-05,d8066586-2d90-497f-ac6c-83a98784752e,9feccf209d77e4215be34b96e67f1dd3b78cd16ca90fd42c8d593aabc1a1325f,1979,1823,156,92.1172,0,0,48,104,4
2024-07-08,b69573c2-9af6-4e31-afdc-ff1b8d01f5fb,f54e6145169c99e541dfa284e2b3fb4676f0e7f7909f3eac71d59e85c5d5c664,2014,1841,173,91.4101,0,0,65,104,4
2024-07-12,b2a6df6b-5bd5-4f90-aed0-9482bb9d0fcf,688c9ff335c341243e425f1e8958b373632898117ab1e1f62a9867364f1a5bb7,1980,1825,155,92.1717,0,0,49,102,4
2024-07-15,56e9175a-3c7d-4592-a6a4-d9996e6c67d4,659c325c863e8277c2662af7a6eb92ba7cad81b206ff6e1990fd1cf30e38adda,2019,1844,175,91.3323,0,0,67,104,4
2024-07-19,9a5e0c81-7529-4bf3-b4ab-58a7a3b3056e,119918325c6d8c7e7cf6202ae3192d46343bc4bae08aa4375739b1a194b46d96,1978,1826,152,92.3155,0,0,46,102,4
2024-07-22,607a54e0-17dd-48fd-ac4a-8e1f67792f58,f05c4eed0ead136ab0df3655cb5c055cd9560f99f6b57c101a4538c71cc857aa,2018,1847,171,91.5263,0,0,65,102,4
2024-07-26,7a4dc35f-0604-40fb-bf46-b78e92c97700,fd67051524e4bcaf69997b893d02b9a6b70bec28d942a555ca00cf3d940893b5,1978,1829,149,92.4671,0,0,45,100,4
2024-07-29,038d4bf2-4efe-4454-b781-39a358dc1fe5,5c0370e055544850e01ade7ebc6fc94bfc2e27ac3536fb07d850cce4f53d5188,2018,1849,169,91.6254,0,0,65,100,4
2024-07-31,b8e2703b-c38a-467d-9aae-e4a7f6fe3ab6,7d624a83ca912a2e80c9b0a2c7c6413e32e382f81c5ce987473856c6fad93ce8,1981,1831,150,92.4281,0,0,46,100,4
2024-08-02,f7758a7d-8609-4808-8c12-a2e9ee1e168a,c7597811a50bcc3d746b0f95578c89fca8b1f3d22dd339c28b9977e730aa1e5a,1990,1838,152,92.3618,0,0,48,100,4
2024-08-05,5406d2a6-9358-4b6c-b65b-8789eb499e2a,3dbb585abf6d224e3842c58532a26c03b88e0bae42019093c4117a3763e5e78b,2022,1853,169,91.6419,0,0,65,100,4
2024-08-09,13ada286-073c-4a1d-9e64-34f8aa8925e5,c78938affae4e00e86e8940ae9a0aa585ae305e141b703c0509e64434d1a3542,1986,1843,143,92.7996,0,0,42,97,4
2024-08-12,25554387-76ed-4fac-a562-5cc2d081d9d4,b49f6af64d7ba8c947d49b210981d1422ec7aaf7c23c3010119cea791553c9fc,2021,1861,160,92.0831,0,0,59,97,4
2024-08-16,e6f4734f-32a2-48d3-a495-4ae535a4567d,8e55b7166bfe759ef315d74a69bd56a9388a380728c2f1a03512ea1b4298ae47,1990,1848,142,92.8643,0,0,41,97,4
2024-08-19,e83b4a1f-9c2e-47d2-a3b8-1d86ec80a46e,d60cd1a198336cc8a028f9bff707661d6700efb6c45805be72df01e6c11b7747,2024,1864,160,92.0949,0,0,59,97,4
2024-08-23,283e016e-78c4-42ed-81ed-4b0228c4d221,8aff3a04cf0a020f0c3e893f93f4e2fa11d9e3ece6f3da2890b758f5dd027a3d,1991,1849,142,92.8679,0,0,41,97,4
2024-08-26,5705dcb2-1311-49bc-bf51-8b8a9d3fb120,aa6f78b7fbc9bb22c7cea0b5b31f1ddffb5c7c2a2c50d879ecc5f568895a9ace,2023,1864,159,92.1404,0,0,58,97,4
2024-08-30,ddf3a0be-3ac8-4812-84ce-9534505888a3,a0c003f9859b415b40bd04f33184c905b58f06aa8869204a4187bbbabcec310b,1991,1850,141,92.9181,0,0,41,96,4
2024-09-06,e08f2f8e-4ae8-4e46-b2bb-84adb49c899f,aae1b43f16b4708d4b983309a4e083b7a0d5a7a1e32216544127f0b862e43122,2001,1859,142,92.9035,0,0,43,95,4
2024-09-09,4ce370d1-b19b-4858-bc51-e47a8329946a,bc0e1d7c94b55878f17afc902c2b73f176f1e5418baef28c74cb302a83ac29f7,2035,1879,156,92.3342,0,0,57,95,4
2024-09-13,174e7b30-287f-4ffd-afe9-6d19f66d189f,eb3599a2fee90735bc6fe0baf48b442c8152f76836ebd21161d0155eb7be3c03,2009,1869,140,93.0314,0,0,45,91,4
2024-09-16,b6a62b5e-fb46-4558-8663-79f510fabea9,cf98e959f4bb2fb0e67b424a49fc179f782a0aac83855379d7ab8c85c18eb81c,2044,1891,153,92.5147,0,0,58,91,4
2024-09-20,fad8080d-70a1-4e25-bc7a-ddd0c628c951,2347c1bfd46a7f14ec4878da44bbc75c259c08a61ca4bdc4aea500c8a14b2c90,2015,1875,140,93.0521,0,0,47,89,4
2024-09-23,c7218e93-9768-4427-b92d-37ee515ead9c,6224fbf3101bcad8e2caf6f3f24c3b3c871ec356d84958f21cae819e4d65ce30,2050,1895,155,92.439,0,0,62,89,4
2024-09-27,7564b7c0-e250-41bd-9faa-048a33c8253b,c28efcafc947a47ef8cc1c78de1b53cd0e7bf23149a58c5a11aa8502c4615263,2011,1878,133,93.3864,0,0,41,88,4
2024-09-30,f0194896-fd66-4425-9eaa-45fef29e9a0b,5f5cd5fdc3a0b8a74a3794b030fe77d439be61d403d5e76694a52f79c09c7607,2048,1900,148,92.7734,0,0,56,88,4
2024-10-04,7fa311f1-ed1d-4378-b702-18a6fce363dc,6285a3d7dd1795d71c2140d390e2a5a49ec98e4887ff845ba727c87c86252c66,2026,1893,133,93.4353,0,0,42,87,4
2024-10-07,3c3d4611-1736-46f2-b550-d14cde5e0363,9060c5f0aebdeefba99e24fd79ab2e3f346bbbf938292a2182c88aeb0b4a7433,2051,1905,146,92.8815,0,0,55,87,4
2024-10-11,d6b8282b-1043-4c69-bd19-970b6eb309b1,57fc8c1da2a5aaf9ff5b2c4dd62cd0ff2830aa3cfee9a3a41bc090f99ae53bad,2020,1890,130,93.5644,0,0,40,86,4
2024-10-14,a1ce2ff2-af7a-4c03-86e7-3c7b020aa050,22c01a94779f67230577a715b1138cae5a18931f8f706818284e7dd6269e3296,2049,1905,144,92.9722,0,0,54,86,4
2024-10-18,ad6d2321-29ff-4c00-b9d4-e395564e0682,33fa79ca219729def39d1a08158efff951295c52ac874a9541be297eeb18143f,2018,1893,125,93.8057,0,0,37,83,5
2024-10-21,856dd91d-0493-4a9f-9de4-101aa73e68cd,d1c3490deeb74387df42400ef94af560cc5d7311a93a1442774b0a502fefdebf,2049,1910,139,93.2162,0,0,51,83,5
2024-10-25,499dfc8d-4375-497b-b2c2-8f40f33b2ce5,fed0742836df91b672c987d3310f81997daef865d1ac831546b0415ef5654866,2019,1895,124,93.8583,0,0,37,82,5
2024-10-28,51dbdfc9-ab15-45bb-b010-b6df43420efb,a09ec1262af5a79a3679008f94fc32ccbefa047c15f9325fabbc35e75856ae7e,2048,1911,137,93.3105,0,0,50,82,5
2024-10-31,e82dcf86-8a06-4f28-80e0-de15e66c8866,4d8e4bba60ca43252bee6f24aaa63ff126638296f599ceefbbf94961bf71334c,2024,1902,122,93.9723,0,0,36,81,5
2024-11-01,82bf2b39-3bc1-49cd-a3a4-78b08d734bb5,4606dba3adac2499539c32f5980a3d7475fb67b1b6cff211978fa326935d1f89,2028,1904,124,93.8856,0,0,38,81,5
2024-11-08,53d54c65-064e-412f-8302-b84d82dc8d9e,9798ebfbe8c3abc3b185cf03b77d81b649bb19dbea38fb4926dd4c6d4cbcd384,2030,1910,120,94.0887,0,0,36,79,5
2024-11-14,7f0b597c-42f3-4b81-9674-146efa7a6704,45921e73a04b53268be3e8d7fd01049254309e82e1a1e2bba3f9a2d1ec06f6a3,2036,1917,119,94.1552,0,0,36,78,5
2024-11-22,52aa3cdf-91d3-445f-9708-b2af8f1eb30c,2fd19470be8a5647e7736b3a61b557fc1ccde0cf4e6380d72c0cacf3510d1521,2035,1918,117,94.2506,0,0,34,78,5
2024-11-29,00a85f9e-166c-4b2f-8f0b-689bb00818c1,c51da076ff9f75babcd38231167d6a1a41fc8b26daa34f4968b80d1e369af50b,2037,1921,116,94.3054,0,0,33,78,5
2024-12-06,35298332-260f-44c5-96fd-17604cada11b,7b4b754a713c24085c994cc01521fa2ac918c6180ddda318b24414472a50f432,2045,1928,117,94.2787,0,0,36,76,5
2024-12-13,7b7e1a64-f41b-4860-ab6e-e5fa81702a81,9abd1e44993600064bb5c8e20d64d96286bf9741a2194e78fb2b3ae99feb3ee9,2035,1926,109,94.6437,0,0,31,73,5
2024-12-20,940cf0de-5ec3-42da-8f20-9bc82c23a981,d803cb581cacd342744f54cdefca89ba1ee47cfc5dae47f5c9602bf4e249485b,2041,1935,106,94.8065,0,0,30,71,5
2024-12-27,ae8a1c9e-3cb4-4c4b-835a-9c57e89109f5,75fe3162906f23436f25f75c7f441a7f982240fb8988667cb39794dd8208a9e1,2048,1941,107,94.7754,0,0,32,70,5
2024-12-31,0b071780-95e8-425c-af56-bc76647166b6,9ac4f7e14f367b88e1d9e9ebcb102dfdc8436f136d8527c3bfce07bf65d72a90,2052,1945,107,94.7856,0,0,32,70,5
2025-01-03,74359a89-1135-4874-bcb0-d5c09c97e704,385eab42379c1e269537ed9327bd79e67ab3e663df00fee576043776e03f675d,2060,1951,109,94.7087,0,0,34,70,5
2025-01-10,f4d3be30-2c2f-4f8e-bfa1-b5f63b5424c8,149cb758f2f606467a07ee64bcc43fd09107497d9e6949df9e08c4598e77b617,2053,1951,102,95.0317,0,0,30,67,5
2025-01-17,22c02606-9a75-480b-b3ad-51371c7ffaa0,7c2a07dac13013c6fb39bfdd3de9f8a48441a7c446b9957fe40651ccb9a8a019,2059,1956,103,94.9976,0,0,31,67,5
2025-01-20,8e1d090d-64fa-42b7-a641-c476a0df9976,844a1adacdc70f726953a508a8411dc31e1fe27ef1e032fddffe3616806b4802,2094,1973,121,94.2216,0,0,50,66,5
2025-01-23,b018f269-fe6a-4f4a-9ab1-1a050c4f4de7,21b5a334aa9ac73586ab45629da127088db44069d25aa4ae0186b0e3b96d5e17,2061,1960,101,95.0995,0,0,30,66,5
2025-01-24,cc080f05-b6a5-4317-af3e-843fd1667091,df51a529fb0bc63ef6e473b28625336f658d18b8bb824ee1ca51b980f4d6e148,2062,1960,102,95.0533,0,0,31,66,5
2025-01-27,7b0145b7-b6e7-4b18-bb0b-da431b7a9ed8,03354166429f7e1f680eb67ef8f9b5bc576dec7bf4114d681c6dd1fb73bb29a9,2095,1975,120,94.2721,0,0,49,66,5
2025-01-31,d16103c6-edb5-4639-b8e5-38b907f5a2b9,141f77d079ebe9dd0fddc723f2d8431a3e0f87cbdd45f23c218713f78b347d47,2061,1964,97,95.2935,0,0,30,62,5
2025-02-01,7883ff1b-49bb-48ae-a88f-1b5ab66feccc,2b9daf229534409f7aca21e0559938e3a9895e19e06e9aaf8208f467abb0823f,2068,1970,98,95.2611,0,0,31,62,5
2025-02-03,05b21a94-2e6c-4924-b394-478dc18bf0b1,726cccb119c122fed2ed9cba2a01b80df3833616c855864878672b0d43dbbebc,2095,1981,114,94.5585,0,0,47,62,5
2025-02-07,84a3dc44-662e-44ce-835f-11c5395884db,37758d35a2719d15df2acf63d5463e48ff31b3672b4726d2adeb5647b4c4f448,2074,1979,95,95.4195,0,0,30,60,5
2025-02-10,f4c06700-3cc0-4f4b-b313-009408f529ad,75371c2d420ce5ca9b29f350dcb57a313b703624bf6383effd133bd78512daa7,2101,1990,111,94.7168,0,0,46,60,5
2025-02-13,3593e56a-630b-4e23-bdd4-c0a8317be677,646b47ddc1a9e21eb997c3e82f50a99043a1671044de9df143f90f2b29974a64,2074,1980,94,95.4677,0,0,30,59,5
2025-02-14,798e04ec-bfc1-4210-952e-26dab4f7bcfe,bf51df5ac1679324a5eae247d418db58cc15e0a7a9146ef96d8c5a379fe3835d,2075,1981,94,95.4699,0,0,30,59,5
2025-02-17,7b621f86-1a63-4dcc-a3d2-fc16ef715846,56775e69336fdd3eb27fb58650b675284fe654625ebb38e0cab5671f5e8196f3,2105,1993,112,94.6793,0,0,48,59,5
2025-02-20,86a82dda-6971-4b78-a9c9-55c7d68a0ce6,ff57d0ae535d073daed9b3ec0de1473cd8e32ff87e81fe95781ef542eceab958,2078,1983,95,95.4283,0,0,31,59,5
2025-02-21,f96d283f-cca2-41d4-b4d4-5fdfdb8604f5,b6a14577ec50fef4c6b8f1e6ed89c4763a59cc23e3b126bbb6eee2868297d2ff,2078,1983,95,95.4283,0,0,32,58,5
2025-02-24,79a73c41-1cf8-4ec7-bde2-bc9114bfe998,a3209c9a108672e76d3dfdfda5292ccbe82c7c5e5b340e9f846ac2a7bd87deb2,2107,1996,111,94.7318,0,0,48,58,5
2025-02-27,fafa91af-8ed6-47a6-8bf0-1727be432220,46807a3013c96ddcf243799158df2c3a68b85b1ed01e1799e0187873a6452a01,2079,1986,93,95.5267,0,0,30,58,5
2025-02-28,ce0a41a9-615d-4806-9381-de9156d056b5,37262e942153c639a5b442b639d06d71a6f4d8dbbe716c331a0ff77a41ec9d12,2078,1985,93,95.5245,0,0,30,58,5
2025-03-06,f8e5337a-9f5b-4200-a46a-78bdf46d53bf,eca9636ba79576b93816ca585c5cd90db0f92ef4b915eb4472a40ed2621e8ce2,2090,1995,95,95.4545,0,0,34,56,5
2025-03-07,21058a12-9b2a-4646-902e-3ee4fc2a0088,96a0174e7ddb424daf89083d1eddcf488615094f68483fe074761042799d9f9a,2089,1994,95,95.4524,0,0,34,56,5
2025-03-13,f1474bda-12bc-4334-9002-7edb1ab779be,8902a55053eebd22c5d50fa8d05dc777f89427534b610832eceb1b2068370cfe,2086,1992,94,95.4938,0,0,34,55,5
2025-03-21,350f0be4-3d45-49b8-b245-7414b7e1c4bf,39b32baf71c76210b3d7e2ac3cdc51ba4a4678913e7480a31929c587f95d9f32,2088,1995,93,95.546,0,0,33,55,5
2025-03-28,3fa07f70-e39d-496b-a5c0-399b80d62a72,817d71d008983a7dcc356bf6a6b52f93315a50101d0fb36ea14ca9086e28ef4e,2092,1999,93,95.5545,0,0,33,55,5
2025-04-03,a07db5c8-99cb-4f8a-9cb2-ef275b00836c,c2a16b84e44705b690d6e58f53de40ffc95e34e00ef6b2cc029fe653ad29feb4,2094,2000,94,95.511,0,0,34,55,5
2025-04-04,d0876f43-e6db-4b3d-87f6-fc36f4b54a4b,f61740670c68528b1a8285a4b8bc5bd1fe82f1b1ffeb5c886e24ad82428f82d0,2095,2001,94,95.5131,0,0,34,55,5
2025-04-11,76fba5db-e930-48d3-be5b-e3f7a77f8e4e,07efeb3ec778ebcf54026c767fed4b2f01dc605e7ca577dd751e44a8b4d8b53b,2096,2003,93,95.563,0,0,33,55,5
2025-04-16,01f9b01e-bcb9-449d-9a05-706da79ebf42,6a634cc46d48559b09971707aabfd3027ee3f618f96bec8f385da392c667fcd6,2097,2003,94,95.5174,0,0,34,55,5
2025-04-17,513622bb-5c0c-4936-ae7f-3a0cf036af25,9257a8688cbcae1e03115fddf0ce0e7927a599431bbbd6af1ce584d859020f87,2098,2005,93,95.5672,0,0,34,54,5
2025-04-21,d22202ee-3c37-43dd-8c9d-d4d60a9ec9ba,bd74e9f07d8633744f7561c70e68850df21dea0975b7c41ba587482eac457230,2114,2008,106,94.9858,0,0,47,54,5
2025-04-22,0683387a-a58e-4cdd-b8b6-170fb844390d,b7aa5f805a2c63e0ab2f1564df854ce1d0057b8f79070e75f5f213dc56bfb128,2094,2004,90,95.702,0,0,31,54,5
2025-04-23,33c23e66-991b-4152-9d11-7836e60f8c96,46cc9bd0490a0afb116d7ec97c3709a4a32f8fc600c08fcd2e8cd07c5f6834ae,2092,2003,89,95.7457,0,0,30,54,5
2025-04-24,57d77e28-d1da-472f-addb-325bbf050892,92e41206bcfa4830c8b720e7a2d9034fef3fa6d9e3e5281bf06ba45c15c1ed25,2091,2002,89,95.7437,0,0,30,54,5
2025-04-25,48faf631-196b-4705-a055-6a37810745cb,293c8eac6fb25df429d0cff8ca889a707ffe1873e816cd2c265e4c59ddfbbf13,2089,2001,88,95.7875,0,0,29,54,5
2025-04-28,d1552e69-6acb-4085-9218-ea7679372a1e,4d89d518afe7907a5db7d81b8e28ac6e783a8ab40562c980643a70e2cbeee90e,2112,2011,101,95.2178,0,0,42,54,5
2025-04-30,543791a6-d5dc-4fc7-bcf4-2eb0928f25ff,3e9214973c1b155380802c6dcc23540e91f86010461df179385c216db57979ef,2089,2001,88,95.7875,0,0,29,54,5
2025-05-02,ccb5b9de-fd61-4598-bdb0-116d22aa3af5,733a5188cf2d72e10a6211344dd1b1bb3cb6daa59575220e16b0d3e3038a2df9,2093,2005,88,95.7955,0,0,30,53,5
2025-05-05,9e2fb260-a277-47d6-9b85-c1e7b1d2ef7d,ccd340de96d3910ffb0402eb77eaba3a46bdda7798a3a9d8a93a34526a340de9,2114,2013,101,95.2223,0,0,43,53,5
2025-05-08,de26cc37-f623-44b2-8819-c3187c4f6d50,4f7f6c7a4486fd38b67842db265ecda066baaedd0877aadb0efba25d3b95c253,2094,2004,90,95.702,0,0,33,52,5
2025-05-09,7289a3a2-d042-41c6-98ab-b617dd507cb0,bc7403d1c753dd03da5f35cc0749c20314b9cb2f1512c580ec41a8359bbd49ff,2092,2003,89,95.7457,0,0,33,51,5
2025-05-12,a1dd9b40-80fc-4746-95c3-9b853bd49cfb,555803171009bb10140cb03f413fbed3bf1a554b7bcdb25e4b88e42436d5bb06,2117,2015,102,95.1819,0,0,46,51,5
2025-05-16,49023645-58ed-4c36-ad15-948d4fd74fca,eacddf4f98b12d37ea8e18838bd4a74da25d7c717e5c8c57aad2fd971cacb61c,2097,2005,92,95.6128,0,0,36,51,5
2025-05-19,a19f1fdb-8e87-4938-aeaf-3228cbe810c6,6c1c02fc9d9ad6b7f5c61d80b0ea930a08557a3788e546f4710e26856af77668,2120,2016,104,95.0943,0,0,48,51,5
2025-05-22,5304db17-9409-4170-a645-07af0b1b5ff7,cf011e9028d774879553341e3206476dbd8e1d6e58cbf852014314990945f76d,2094,2005,89,95.7498,0,0,33,51,5
2025-05-23,23648248-28df-4d2e-a0dc-d2e566cfb164,1595a25592fc272e3ea2f36b20442d88dbb9d2fe5eb9c207811de78cd4865d19,2093,2004,89,95.7477,0,0,33,51,5
2025-05-26,7dd8592b-a5a8-473d-ab90-02ade42a069d,feb102fce9bd6122f8abcb64d426458d1712f1b33c3266e09d0a6eb9d81f2810,2119,2016,103,95.1392,0,0,47,51,5
2025-05-29,6bf6eee2-f36e-4810-b5d6-fa1b89b7a1fb,ae091a88d30aca7ed3112d29d8b1f77a8147a67590ca0007a9acb725ffa4ef60,2093,2008,85,95.9388,0,0,29,51,5
2025-05-30,2a042d5b-dcc4-4f3b-b0a1-623433de3b48,b5c7df90280f481baebfc0746c1b712b3d2ede6dfcd4bb42d1d382e789ff8403,2091,2006,85,95.935,0,0,29,51,5
2025-06-06,7ba5ec84-399b-4cea-b726-793e8f028c17,c7261cbf92f8f24adfc478a18818290639ea1ed8d48d0bad16140719bbfa987f,2102,2018,84,96.0038,0,0,29,50,5
2025-06-11,cf213426-821c-46af-990a-deb804137ee4,37005840e8692bc94af76d6de6f7e13b5eb6bce0be9adb7a40f40789686197ac,2099,2019,80,96.1887,0,0,26,49,5
2025-06-12,f52a90f8-503d-4a71-b5c1-31658243bd2c,5fcdea0a28a2976abb0b837601619a5109774bdd5740535c3503bd5f52a4fe98,2095,2015,80,96.1814,0,0,26,49,5
2025-06-13,1856e7de-e150-473e-9cd0-06da84ab910d,2ec137e13316c912a32ab193ecd534eab3da69b2cb77a89eee9f2c84f45fbbc8,2096,2016,80,96.1832,0,0,26,49,5
2025-06-16,ae5f5370-9adb-464e-a7cf-3d7005461cc7,f979f6cdb251088b3b78beb02e04e4bdcd30eb93c557e4eb421f13abb44fa928,2124,2030,94,95.5744,0,0,41,48,5
2025-06-20,0b308cce-16a8-4ac2-83e7-1673c0c2b119,8107bd0b31cd486b37f0de28ef54b4f17c80a69ce5f915bdce4d8189407274e4,2099,2022,77,96.3316,0,0,23,49,5
2025-06-23,cb2d7fee-89ef-43d2-bf76-ffa3ccfdf411,7c4bd564fb4b2a2720bfc8d1f6d32d32fe4d2ca3d8bf9ee1d892216403733e41,2128,2035,93,95.6297,0,0,39,49,5
2025-06-24,b67d26f4-2683-43dc-8293-3737a82f4b04,e00f28a83fbbcb9b1dd2007b93406dc05408f2c498989c4cac85fdf6ba9bbd64,2099,2022,77,96.3316,0,0,23,49,5
2025-06-27,4d9569fb-253a-41e8-9800-10739f2e691f,db41248896bd9464d2bd3afec4f1638fe1a29173b93f758b1226fb471d44bf3f,2099,2023,76,96.3792,0,0,23,48,5
2025-06-30,981c70d9-b1ad-418e-bba8-2e9104e14b2a,1030823f194c7d8bc17e23d0d57068e8e04421785209866601c14c305ff0be49,2129,2035,94,95.5848,0,0,41,48,5
2025-07-04,c92fe5fe-9ec0-4698-a647-862c54eb8536,d3e7cf1de0480722818220063fc2289b54a3dd20a9862927164845bd1abf9d88,2110,2034,76,96.3981,0,0,24,47,5
2025-07-07,3a84373b-72fb-4444-9436-8c27369bdc01,eafd0f47c5ec84fd73b6891c35d367f548d0af0a2ed690b1f11ae5203a9aec6c,2135,2044,91,95.7377,0,0,39,47,5
2025-07-08,d5fee279-bc0f-4691-af31-c370a2179ea7,9a88a0da55aad2ef8629e9175182733fce18cca13bac79848db71310a77865b2,2105,2032,73,96.5321,0,0,21,47,5
2025-07-11,e540e345-30d3-461d-a54b-639b253aa08d,dab727e1eba9638897b715bf33c47dde54f0f21ae8e484022a13feb2f4ba0b9e,2105,2032,73,96.5321,0,0,20,48,5
2025-07-14,4cfd3c83-7b58-4ffa-85e0-d30d597a7ca2,85e58cb5fb7da07def417a17c734d77c3d9648c11dd21ed4305f8911ec571612,2140,2047,93,95.6542,0,0,40,48,5
2025-07-17,8904d554-6ffc-4805-9659-fd729fab72a0,e13235129b7c758f7b0fd3d40254f30590498738185e8624d3ae92b5638586eb,2115,2036,79,96.2648,0,0,25,49,5
2025-07-18,e593e02d-b0c3-4d2f-98b5-8992ed431d35,a82c67e779ff4e1436d4a7cb9bff5a2973cc9333b07a8d0562cfff98cc80b470,2116,2038,78,96.3138,0,0,25,48,5
2025-07-21,f7b763cc-971a-49a0-afa7-29416df90590,533e4722b3088361c61067097c204e70f80b59d8926dfb1c529a74195fdd264d,2145,2053,92,95.711,0,0,39,48,5
2025-07-22,a705dde8-aab7-4de3-ac1c-e22b1d5922de,8290a732e6c18f6b607cb08d2f28e1bef12201782cfa2c3c5d7b04d9f33ab7ad,2113,2038,75,96.4505,0,0,22,48,5
2025-07-25,f1c6d7ba-1bd2-440d-ac61-03ead6856d57,3c63030e47373ca744d8e84608b636c63590b927bd8f7057ff620c56bf3e049b,2113,2039,74,96.4979,0,0,22,47,5
2025-07-28,adddd8bc-91a6-4cd8-bf45-9f44d79560b5,47959b660c721ef0a9e785e6dbd0fdcacb4dc720b20c1242a091e4702b516b96,2146,2056,90,95.8062,0,0,38,47,5
2025-07-31,fe277ab9-9ea7-4655-8aee-34f97e4202ae,f17eff0a33d77943680aed700726d1a48c2702cc8fac52ec43bba98b0aad8619,2116,2041,75,96.4556,0,0,22,48,5
2025-08-01,11c92e45-70b7-4211-aefd-5062bd1e6331,60aabe47112541513d43a400a22c9f31cc1dcc7a9c50f86e2e75acb0608c318b,2131,2051,80,96.2459,0,0,27,48,5
2025-08-04,f694f738-46b5-489d-acef-08eddaa8b8ed,5a18ca9c4f8ec6d8627b7559a386330b076cebd6dcaa25572b807aa716bc9a9c,2154,2060,94,95.636,0,0,41,48,5
2025-08-08,d0e7ada3-6cf7-4bb2-9a61-4eada70689c5,ae4578e85ffb3e8329afcf8b603246ef133dfaf28dbd02dac4c1c65b0bfb475d,2136,2056,80,96.2547,0,0,27,48,5
2025-08-11,1dc07f3d-9f03-46c0-8dcf-a0d0a199cf9b,fff4d8834986d31eb40ab3d944d8b12250a298adda69cac9f5bdd6abde07919c,2158,2065,93,95.6905,0,0,40,48,5
2025-08-13,19ee71ad-131b-49e4-a56e-65dbbff9dc6b,2493486d909eceb2ec8f85a0111856c5cc9119bc2fde8fc8adf30984e334d1d4,2134,2058,76,96.4386,0,0,24,47,5
2025-08-14,0b55ee0f-e820-4af7-9c55-f0f8a654d787,00a8a74315d3c19e896e6d6532e1a58908d6bd0692d8ba5c2acf51426da8aeb9,2135,2059,76,96.4403,0,0,24,47,5
2025-08-18,09505e60-bf36-467c-b2eb-f42888572932,71c4c3d4a21833e5dc9230edfe6f257a8b80abd72ce4f685c3e41cba4c3b97bc,2162,2071,91,95.7909,0,0,39,47,5
2025-08-22,bbf68abe-abf1-4f73-a798-ba6fa8905149,60ecb4506851d7f17ce8cb30559710def17dcae89e4c10d67c3adeb4c63335cd,2138,2064,74,96.5388,0,0,23,46,5
2025-08-25,218d8769-b37a-483c-93c6-566cec037002,64a0e87c1241f62b3089c52752c495db0df1674545c255230f18f53017303bdf,2163,2075,88,95.9316,0,0,37,46,5
2025-08-28,4e6e3ce4-1a35-4015-bcd9-30847cdb2f08,9305a26aa49f274541287b29349cf69bf6013e6eefaf25d5f46eda23e3cc8cbd,2141,2068,73,96.5904,0,0,22,46,5
2025-08-29,3134b269-f969-465c-b1be-11835150af55,96f5db4da6ac95f306543a34e61cb7432e9f2896347841cdb1a60667f7f425a1,2139,2067,72,96.6339,0,0,22,45,5
2025-09-01,01479039-42ed-4a0d-a7c5-434c66b1ec82,c00dc4b012dfdd602e14f76b34f5c48333b88d384a8061b404f28db5ee8012ea,2167,2083,84,96.1237,0,0,35,44,5
2025-09-04,72e0fa48-a9af-48c5-94ee-54c006df148f,d168a169cc057f38b0c0bd02c63b5d3fc67abc1647234cb139a4d0f53e7a4447,2149,2076,73,96.6031,0,0,22,46,5
2025-09-05,21e20f6b-8057-481f-87e8-e42b7bf48d5e,07b272cbd4ef72ad92d29f7cd2fa70cc7b442b083ae2bd43956f250116d59bcc,2150,2077,73,96.6047,0,0,22,46,5
2025-09-08,4813f743-0479-4862-b078-038a61d4350c,cc22660b18a0fd9e27dde0f050899bd0bba85185ce877bec0bc71f5ec241d994,2170,2086,84,96.129,0,0,33,46,5
2025-09-11,3d45f56f-8c37-46a9-953e-655fb9b4b689,30789fee7018a4f53b3baf2980e5790fdf6b834560f2b1d07c8c30c19f1dd7e4,2150,2077,73,96.6047,0,0,22,46,5
2025-09-12,279146ea-4f44-4a5d-8b87-e7e74414e675,881f75ea03c24cce161877572114163becc33c09e200a7df5f5a1e405fd9e9d9,2149,2078,71,96.6961,0,0,21,45,5
2025-09-15,4f84ba8e-60ae-4a16-94d2-b7ccbaeb3429,d0b481a36c8771395be41e45306f0c2cc61ec86ac097ac178a6e30a7a591e71b,2170,2088,82,96.2212,0,0,32,45,5
2025-09-19,7ca62452-405e-4c51-af56-cae53926f6db,d931c282ddbc725712f94a172f69c814eed76f813370aa5afe3d0f554ce0b921,2153,2083,70,96.7487,0,0,21,44,5
2025-09-22,95d97879-e615-47f2-89bf-890f3b480fa4,10737f0b287b29ceca8ea3fce0c8fb3ba9ab28acd4b1c4a1fc34095ba8320052,2177,2096,81,96.2793,0,0,33,43,5
2025-09-25,1beee750-8eb0-4b71-9a8f-af21fdee7183,c8bf0ac72b2c11fae0daf1688830199fbad017f7ed2d0b5c419e1d50d89fc925,2156,2087,69,96.7996,0,0,21,43,5
2025-09-26,72554b15-d758-4a9d-85b0-fcba99a6ec62,301032c310222133bf022a045413e0f6f3ea496c1d20f4d8df73c8eb210f6c28,2159,2092,67,96.8967,0,0,21,41,5
2025-09-29,fd0443dd-ddc6-496d-b1be-228b09da588c,34f7a6c23d1e016e00ea76e76877d48d5ad8a682604a49c99f7e019546e917c0,2187,2108,79,96.3877,0,0,33,41,5
2025-09-30,4b777501-0f1d-4ed5-a85c-8270ddf5c43c,4d583ed2e4a4dadc21387800b45104d1a5bf44877fa544da64db3285c8066632,2165,2099,66,96.9515,0,0,20,41,5
2025-10-03,d0f58747-afa7-4974-a5d8-c53003a47de8,57076e8b328f98acf1125272e3eb3a99c92d6476031dd81d14f42d7922131a66,2176,2111,65,97.0129,0,0,20,40,5
2025-10-06,046a3c48-3e9a-4775-a82e-78df8acfbb4e,ebec7ac20aa382c9db49d4cc8c25f2f3811a248f04b17cdf2704acc2fda4faea,2194,2121,73,96.6727,0,0,29,39,5
2025-10-10,ef526e80-38f9-4dd4-8885-276ac1a78164,b4f94f0a71b407d8f5e4d9db62d9af9b37b1991bf9a769cdc641773ec55d177f,2179,2117,62,97.1547,0,0,19,38,5
2025-10-17,5ca46ff1-b260-4fbb-843a-47324e5de63f,b5f674c31fa5878b4e2d8d17e1dc7533bb24b3469f42a8be20d04265e085be42,2185,2127,58,97.3455,0,0,18,35,5
2025-10-24,12a08406-2f8c-4b0a-987c-f8f77bf2f682,cc1033a838ce67ba54aa920742a3f9a424363af8daf9f004929a0e9d4edcb462,2189,2130,59,97.3047,0,0,19,35,5
2025-10-28,45e7593e-3739-45fc-aa56-0e53bf6e90a9,331124fd44ae0cdaa25c2144bc9f172a3d152c4e3e8d19e07ea9408d19bc5c41,2186,2130,56,97.4382,0,0,16,35,5
2025-10-30,5e41e970-ad0a-445c-abbf-725f897a5d52,937f1ebe8f5884067f7940daf004125e7ca9ee46ab335130fff35c7693577802,2180,2126,54,97.5229,0,0,15,34,5
2025-10-31,29432eb7-82eb-4159-a452-bc08cf295762,2d5558d52cc632d7a4a40344d977fc035b255d5016fbcdbb37bf30cb123d29ac,2178,2126,52,97.6125,0,0,14,33,5
2025-11-03,84d095d5-e7fb-4124-a2e6-06cc76f3b1fe,b29120c2858f5ff99bbc565bd684c6b778f901d2f32ddda3fa9b3e64db5c44c5,2206,2143,63,97.1442,0,0,26,32,5
2025-11-06,d8b0846e-ce2b-431f-8a9e-639571a50435,c3d26901bfeed15013941cbe49a762156e45fac3978c973b5b6e6f67f07bdb57,2184,2133,51,97.6648,0,0,14,32,5
2025-11-07,38e92862-4b14-4806-b429-ae39734d261f,83fe7bd3754d0648938bcf9b72c5536b471ffbe454ca31385917bdeef53cd911,2186,2135,51,97.667,0,0,14,32,5
2025-11-10,a337e703-36fb-463d-9439-8a61befbd0ce,4ed2dbc7a62886c3cb2c7890101d954181285e7968f4638c9038b6e2a75e39c7,2210,2148,62,97.1946,0,0,25,32,5
2025-11-14,de3515a6-1d62-4064-835b-589a3d34c976,461bd0f9ae2bffff2484875976b9f5ba62ef3a8172eebe0ba9ffe02a05e7f6e2,2191,2143,48,97.8092,0,0,12,31,5
2025-11-17,ab4d3932-3f54-4f70-9794-6ff391873988,61d1e0ed0bb50f27f5eb69f4f9367062cb659da193434aff67d13026a570c25b,2214,2154,60,97.29,0,0,24,31,5
2025-11-20,3fe645d2-88e4-4bc7-8b48-a56258caf3f6,0cff121bf01316a3a349d058f65f8d85f70719d121b904fbcad6a12473f0f7e3,2195,2147,48,97.8132,0,0,12,31,5
2025-11-21,68a878cb-eeea-4ea0-b633-e12260b8274f,14e71f78b29431f325a8ba713f16c5f8780bde92ef986927547aa12f5df6ce04,2195,2147,48,97.8132,0,0,12,31,5
2025-11-24,07b76512-312c-44df-b577-b9a3e26f7122,b3fe07a3f1addf29c7ed7dd934182e7086f29ddf7eb3a4e520ba64ea029c7a90,2218,2158,60,97.2949,0,0,24,31,5
2025-11-28,bda065fa-a64d-4a60-95d3-df3ad281a32a,10b4347602771b517dc319aa3193092c566bf63bfb9df3bdb87a7facf594bc08,2202,2152,50,97.7293,0,0,15,30,5
2025-12-01,f09ba227-8d07-4c21-80ff-178a4fdd2023,efb2d09b77ac144d159b84306b3a0c0e95e3fa47033cfa9c9b4421a0c1101508,2228,2166,62,97.2172,0,0,27,30,5
2025-12-04,64463e4e-4434-45d6-b1e5-ebf2ff381255,6948083280586b9a0a0e87092d741f41e249bca70751bc5e16a824830f12cdd3,2210,2159,51,97.6923,0,0,16,30,5
2025-12-05,0aed8659-4dce-47ff-901e-c454e452da68,d5d012bd74a1e5bf2573c9faa663016479a36b7b913e497ca618402156cb8f60,2209,2160,49,97.7818,0,0,15,29,5
2025-12-08,7e48e212-7e25-44c2-b642-40d5b99a5691,5d73c5263d6641f5939d81e8fb9c1605eeb17345ba20390022359cc075be07d8,2225,2168,57,97.4382,0,0,23,29,5
2025-12-12,23ce80db-7bb6-4b30-bb3a-6042f1c5846d,0010a092050a4e9ecd3321797b5d4c9d81d582941232e90126b1131580dd6724,2215,2167,48,97.833,0,0,15,28,5
2025-12-15,9f4a4eae-b31d-40ab-b9bb-326a6e61cded,62394b21e310b766bfeebf30ceb72b45e40b557e84770ad310c7eb364510936b,2234,2176,58,97.4038,0,0,25,28,5
2025-12-19,6a538be2-df9c-443b-9935-d3f65f70cd74,b7ae159a51be1675a41a067276ca8da503b8eb7dd175a149c4a7ec4dec666d88,2217,2173,44,98.0153,0,0,11,28,5
2025-12-22,e7a38498-932d-4f5f-b6f2-9df97f277efb,4a9fd80a54902a378aee9f27b7b82f2bf878a4438a54579a3b8dc626dec03a5d,2237,2183,54,97.5861,0,0,22,27,5
2025-12-26,a23158d2-4085-4d46-8b34-b61adffd0c13,1c2603cc77581f5a5593c3aec9079ed622af632a863bf3160dbc51a95a4a57e4,2220,2177,43,98.0631,0,0,12,26,5
2025-12-29,0c339c33-af9f-41f5-a487-97c3ec0249fb,ae035163f0d02e32552238e24bae5b9fd54f54ad36425bc47e7c010ecc8dc17d,2241,2187,54,97.5904,0,0,23,26,5
2025-12-31,b6e4e370-8401-45a8-a7b6-5f603af720fb,028d1159254836df18b005a52ba45d60afd05914e922ec82eb2c518d36492bcf,2221,2178,43,98.0639,0,0,12,26,5
2026-01-01,bcc35d9d-be0e-4fd5-8a16-ddc742754c54,c5bfeeee2822bc646dc412d7d4b0c98cdce37ef536fe8d54ddd0b89cab9a8f26,2224,2181,43,98.0665,0,0,12,26,5
2026-01-02,e84208c3-39be-452e-a200-32f65b2837a3,3e14dd33e52b318baea7cba8f938e0004ee4721171474fea90d2ed21f9bd66af,2218,2178,40,98.1966,0,0,10,25,5
2026-01-09,41ec693b-226b-45d0-b7f5-236f595e75f3,b6daeab721e42c8d7b714d57c7f8bfc3b4293085ee37b586451784472d8c40bd,2220,2180,40,98.1982,0,0,10,25,5
2026-01-16,e613569b-a479-441c-81df-26d6fd52899f,924dd8f5aafdc3e4e8b91364cf0a9946214e41962ae4cd3b8728de58c19a81c2,2223,2186,37,98.3356,0,0,11,21,5
2026-01-23,45fa006f-9b9b-483e-9d8b-fb325490d8ca,8ca4777f5826d2383a70331b7775a1385a6bbf0566a679f92fce56ba4ae686db,2227,2190,37,98.3386,0,0,11,21,5
2026-01-29,3857f0ad-855e-4ca2-9141-049c8ac9ac82,cc03350460f8cbe3339e2a3ea27f19ed5dc5a1bf48b56dbdecfead6e0f00e60d,2228,2192,36,98.3842,0,0,10,21,5
2026-01-30,01336a5d-524e-4e82-a3e9-1a71da44acb0,fc7265e5170ce0d78f0fb47f1988970f1911e1bd4fc7b804a773033fa64edc32,2228,2193,35,98.4291,0,0,9,21,5
2026-02-06,c50ab19b-9cd1-44ba-9986-0cd415d87a98,6f85366853dfee2808e6a715f0e8edd451c1c2480a70e8e2288ce8a099634d5e,2233,2197,36,98.3878,0,0,10,21,5
2026-02-09,9431dac9-d0ca-44a3-b318-d1aa8df29762,3c2de66f6f4979fd9fbf5cf3bf992753c781ffe5a966642843b06c5636a740f8,2246,2202,44,98.041,0,0,18,21,5
2026-02-13,71a6f7fb-b60c-44f5-a80d-0d5cfea14faa,85aca8ed2645672248efbd3cda80effb84bc0183f300d3f4fadf70cdcc0fca60,2230,2197,33,98.5202,0,0,7,21,5
2026-02-16,b94f85c8-a0d0-4ad4-b3ab-c104a41421a2,c553b29d94dd469d986d1c85788672b2f7d2394a8b6e32ecf4e3b78d92e31691,2248,2207,41,98.1762,0,0,15,21,5
2026-02-19,e74e3dde-333b-46fc-bb4e-c5ce35924ed6,51b9f408745ad92efce1b91c52f943d42383f8e576f81f04de12beb8ad3ba7fa,2236,2203,33,98.5242,0,0,7,21,5
2026-02-20,a39047fb-f34b-47ac-aa0a-dcec344bdf32,9381427809f4fb4bd3d8fb260693952fc867eaef13862bc32582195f9370a432,2238,2204,34,98.4808,0,0,8,21,5
2026-02-23,fee6024b-ea0e-46ff-ba87-cdd4f93c416d,b06a485f769f3e4111a45c6a26bcfb8ca8b9d04883ec992859f79ab43290e639,2254,2212,42,98.1366,0,0,16,21,5
2026-02-27,10241e57-5472-472a-be28-75131d86fa8e,6d9083dfbb03d64d2d3e81324eadbdd69775772b4404ff5bc95837998d26b44d,2241,2205,36,98.3936,0,0,10,21,5
2026-03-02,9640b37f-6ee6-4fa1-a052-187156fe29b9,4b3687eb57257360737a98104c7a71503eeb28617b61cdc90311e54869cc452d,2262,2218,44,98.0548,0,0,19,20,5
2026-03-06,ff7173a4-4fdf-4e76-9af3-52875c1826f6,eabc3637ebb89583101844b7eda97f5acf3afa6dcc9a2b2736fb40126fa1dc37,2246,2213,33,98.5307,0,0,10,18,5
2026-03-09,4df662bd-6d09-45d1-bbc7-09bcda8051b1,0e48ea916c4e1cba77187e1b973cd3da9900f6dfcd04bf98bd5d8bce946cb75d,2266,2223,43,98.1024,0,0,20,18,5
2026-03-11,86c5fe30-499f-4e4f-9d59-9bf8e36d61e5,bd67765f4455318833396c4e2523e616da4d431b94255120de53b09692a7d7df,2248,2216,32,98.5765,0,0,9,18,5
2026-03-13,167eeb18-6c8c-4c7a-abaf-7d9e97963a84,29e201a1a7e94cca4cdc18fafd61293ece8a30e151a0353589de7d51eddaee41,2249,2217,32,98.5771,0,0,9,18,5
2026-03-16,a826d060-e8d8-4411-8ea8-9273b3740169,8c6e11b2bf8e09a8a283d2b12958864fae19b2eff6327b5d434a847befd42226,2268,2227,41,98.1922,0,0,18,18,5
2026-03-17,70a86170-569b-4c3d-ac63-7366af608e9e,bc33aca2e7037cc165c18cd070ed107e400b9b4c643ac7b1d57379768f15ea70,2247,2216,31,98.6204,0,0,8,18,5
2026-03-20,9e3296f4-cb1e-4b8e-9879-3a93326d07cb,4b87d199f23b263ddcdf21998e1fe84a04cefe227e7c00e40a83145dc963c0ef,2248,2217,31,98.621,0,0,8,18,5
2026-03-23,171c94b9-f19c-4ce1-a604-8f6dac40dace,4e88a9ba8b18ab1b49979ed39479049fe3818ec6902273ff28c94effb10a4cd6,2268,2229,39,98.2804,0,0,16,18,5
2026-03-27,1c86dfcb-d678-4b04-bbb1-cc4e4510acfd,3258b7c7570d28b348e93e369e6d22c7a9ed31d18dc37b26dcf8cc0c1b0da470,2252,2222,30,98.6679,0,0,8,17,5
2026-03-30,1c2d1c51-cbdf-47ff-a2f7-2f89c7b64088,82ccade7ddebdf41af7896a8e4af080f96c7d00191e31874634e7e181af93626,2275,2235,40,98.2418,0,0,18,17,5
2026-04-02,c01e268f-5a9a-452b-ad7d-3530cece6b2e,ae6a7cdda18059d55d81fe27507f411cd4ef7a5bc27b42b35bda021945eee005,2262,2232,30,98.6737,0,0,8,16,6
2026-04-06,4acbb86a-65a4-4629-94f5-2c38bcf0ef02,534392fd4fe735f68ba7703a45061a3d236173205383b43dd9426a6960e54c28,2279,2241,38,98.3326,0,0,16,16,6
2026-04-09,11a8c794-e3af-48ea-b798-73fb7fea8ea8,caa37a261d077096e04a3a2f334e59bed94d59bdea2a179afbd45a55022e9c9a,2262,2234,28,98.7622,0,0,6,16,6
2026-04-10,f3a029ec-f171-46d2-8760-4a97e313b50d,9a540ab3475be2fc6ff854f16d6a983c1712a9c4a2d97017f99480369030d02c,2257,2229,28,98.7594,0,0,6,16,6
2026-04-13,a18e4b18-f7f0-48bf-a3b8-49235384f32f,246f04642d0ed903038ce8c8efa88db863e0b945b358bf6a0939c33d3225528c,2278,2241,37,98.3758,0,0,15,16,6
2026-04-17,6cac9cc1-50ca-4d2c-974d-a8c141ff2de5,e31edc2a0cff4b0cab2d25472578b8fb12c0d23cc699bf419cc9b47598f212f9,2256,2229,27,98.8032,0,0,6,15,6
2026-04-20,fcbeef96-c95a-4185-8bcf-59ee4f60af64,5419ea79e32b32ae2cd80f73ba606d53f80807aca9e24bc915a8a3f195cd42c0,2378,2338,40,98.3179,0,0,17,16,7
2026-04-24,efdb8a0f-6181-4da7-881f-c97ad4cca9b7,907b541afed52578716abb574605cd038266823cf90d3a963b70a2b175286614,2358,2329,29,98.7701,0,0,7,15,7
2026-04-27,5b22cab5-c24e-4d1b-8ba5-1d536622c7ff,c1a33b0f74c539b3fbee92d1129c5baa4c2b657956525d1a85740dafcdcb346f,2381,2344,37,98.446,0,0,15,15,7
2026-04-30,abaef296-ff8c-420c-ab22-f0cdd5153f95,4724199972e62dc465c7c8dbb778a11dafaf86088fbf81af144e7ee50fc2ea49,2356,2329,27,98.854,0,0,5,15,7
2026-05-04,edae411b-b504-4027-a47a-7c3a16618302,fa38d7ddaf77a8efd3b8a665b5ec94842f64276d8459b2d1b6dd9c290d0c8563,2384,2347,37,98.448,0,0,15,15,7
2026-05-08,956f2a67-f125-4b27-933d-79bf5ffa9b17,a37c994af8355cf89da1e1604ec8783fecf7f61d4281b05fe0e59e83a399e9f6,2364,2338,26,98.9002,0,0,5,14,7
2026-05-11,5d3050af-4b58-4ecb-96ba-f43314d51d26,652972751328a8f7cf903be53cce902dcf03b801fdee5bc8c6bb4759d7100ed7,2386,2351,35,98.5331,0,0,14,14,7
2026-05-14,e88a43be-6e93-4bb6-bf59-826f847a390b,c1dc548c176e7c9d288ae8ac9c9bc7dc7e62b240abe800c3ca76dad31290ad1b,2364,2338,26,98.9002,0,0,5,14,7
2026-05-15,c0d6c618-222e-461c-a5b3-2d5db7607e3b,dd64133709ce031f5bf81a693623e33a60da4441108f606cc9ca34fc7694b2bb,2361,2336,25,98.9411,0,0,4,14,7
2026-05-18,d8c005fa-4f10-46c2-ba01-8c4983b150de,5b73850b036d7a0e15be09ae413f49e3ea2c8de4d214f71e84903116a056e34a,2382,2347,35,98.5306,0,0,14,14,7
2026-05-20,cd5c0a54-0224-4e48-a4a5-212ceda17757,3fa16e7248d2add0bd78ee6ffcc7eb1b913671e6f17c80b908fcec3515c13dfc,2360,2336,24,98.9831,0,0,3,14,7
2026-05-22,5c2599ec-f9ef-4b8e-ab4e-19dc8b4d4bd7,b2ecb80f844363d02a6772b541aac6563a6eede2aed0399cbaabd1ad6ad9860b,2359,2335,24,98.9826,0,0,3,14,7
2026-05-25,4d2edb55-bbec-4c95-9909-ea25a9cfa5a4,1104c3df613b1eb9815ab431841ff1a0c1a0d621edfbfa4f462df5947b25d935,2383,2350,33,98.6152,0,0,12,14,7
2026-05-29,a60ccf36-99d6-4129-8643-dc04d07ec20a,ebc3d56447d35223fd6142065e6299925307163cc024f49899501ad6ef842d22,2363,2340,23,99.0267,0,0,3,13,7
2026-06-01,61ceaec2-9913-4ac6-829f-dae84fc98d0b,92e4d4e2fa0ef966696867bdc396e07e06ebfccf271abbd7a5f4e6ec160ebbc2,2384,2350,34,98.5738,0,0,14,13,7
2026-06-05,b87d0e4c-405d-4344-bbc0-a50b77f37245,c0d998103f7167c4a5c7754330a70d53e8b9c517c0f86437117f049308c5e001,2367,2347,20,99.155,0,0,1,12,7
2026-06-08,a1ad0fb9-a7bd-40a3-9cf9-c6fc30083eb3,6798a760198fcc02218f2d081ff56d048a582333f24204cb58b0f546dd890542,2378,2349,29,98.7805,0,0,10,12,7
2026-06-12,97b913b7-a2d7-46aa-8047-bad84ef9556f,f9321f37202dd94150a51439028dd5ecda2767f7f3b20f910ba319b924c713c9,2364,2344,20,99.154,0,0,1,12,7
2026-06-15,ab83a4fa-0ae5-4508-b533-477646664a83,18ee267a441c243d354fce5390f29ee73067c7f2e403c1ec0f510d6040d59a95,2385,2356,29,98.7841,0,0,10,12,7
2026-06-18,f356f715-7f31-4025-961e-20fe57e4f909,b955fb3bf7f593488df36365bdafd963b013aacba1bb88e516e49ba90f3a3766,2369,2348,21,99.1136,0,0,2,12,7
2026-06-19,41185105-7773-4f79-aece-7404b7700043,21418bb779403633517300e351fae40284cb8ef1a7d9b985747fd5e58a616de4,2370,2350,20,99.1561,0,0,2,11,7
2026-06-22,7b662feb-580d-44c1-b93b-ac9f5d1306f4,0dd705bcf7378aa07c93a3a625d3e32c4f3bb09efbc407776b20c46b9050e7d5,2391,2362,29,98.7871,0,0,11,11,7
2026-06-24,1bc9beae-8b6d-4530-aa63-b77723f6a11e,236d5f65513ba745a275af56e628af03ebeb25909689166b727a43aed36023bd,2367,2349,18,99.2395,0,0,,11,7
2026-06-25,26ccc476-9308-4082-87c7-aff48d02456c,be2ace269d4a3e3d370c871316cb868cc4f03ab44f366366ebc86088c4a565e4,2368,2350,18,99.2399,0,0,,11,7
2026-06-29,768d2f5d-3182-47c5-8d98-e87e36c7dc37,5dbaa415734b943517bb609cc03c517d0c258f8a2814b38cc6bec78964fd8d2d,2390,2362,28,98.8285,0,0,10,11,7
2026-06-30,fd1f12f6-a2b3-401f-bc1a-0bd2a7ae97fa,55da537f2dce1061862fcbb2b8c9912849f068bd4ae21ddea5ef51813da55f47,2368,2350,18,99.2399,0,0,,11,7
2026-07-03,f0811abf-70ba-433b-919b-6a6cbe44ecd6,af4fb2eab90627062b64066e5de1f88b097a7f730a212c7f8477e74f70ec85f3,2378,2361,17,99.2851,0,0,,10,7
2026-07-08,b535c267-2a6a-4706-a113-60010745253a,2032c64291db018471b8808af5795d5efff15383ae4b2308e0e750ee9f92aa3e,2376,2359,17,99.2845,0,0,,10,7
2026-07-09,d81cb456-2a60-434b-8b3c-b722f317df17,d81d2112b53840d38afc6b281d013827e0af423a7e1a7502c1b292b3882bb16c,2379,2362,17,99.2854,0,0,,10,7
2026-07-10,53b6b395-fd0b-4cbf-b5d7-f9a0bba0dbe6,d702562acf250c42d7bab6eae538eb5f0fc8b298091bf2af1c0bdd140cdc6cfc,2379,2363,16,99.3274,0,0,,9,7
2026-07-17,c758da83-b567-474e-8efa-308caaab277b,978c5eb70a9a0dc852b5c97a93b583090fb3deea0cf0eef555a3f3d9a0eb339c,2380,2364,16,99.3277,0,0,,9,7
2026-07-22,ec33b22b-a519-4ce3-bb31-95fa1d8e68d3,5e0b57775ba82e779cf58a5530ce308f2228723d43d0af85cc9238db67ea5c1e,2381,2366,15,99.37,0,0,,8,7
2026-07-23,9c21b40e-1d16-46a5-903b-323fade6feb6,c108b7cfb21cc8ebc44a94f5290fcfa3e7c78200cc572acd4960ec7b8ddad645,2379,2364,15,99.3695,0,0,,8,7
2026-07-24,34a5241c-b81a-43bb-8f14-1e7ecf0d997a,619c3322d984fd5fc1cc96ab150bcadd7c145a13d3c2d647479d76bd6a78976e,2384,2370,14,99.4128,0,0,,7,7
2026-07-27,32fcf3c7-1e8e-4d72-96dc-fabac896c061,783a9837d0f1799a35dcc60db43795c32a0c38666107a31f34b7fa6247b37226,2400,2376,24,99.0,0,0,10,7,7
2026-07-30,bb7155cd-c749-41c2-9601-6368aaddb8fd,87a502163212df579e343724a38cd4cef4205e59b8e51d7620ed431504ef4882,2386,2372,14,99.4132,0,0,,7,7
2026-07-31,cade03c6-1c11-420d-a00b-88c7816b9380,ff1d98c1a1d5e09ec0fa477fdec7cf7d434b08197cd9c584e94d5c8db1ecd772,2386,2373,13,99.4552,0,0,,6,7
2026-08-03,38d2410b-014e-4808-b043-d75b4fca3e69,b06edcf0012012281f9179befa02a61458211f730d0a77584329b76e900160ec,2407,2383,24,99.0029,0,0,11,6,7
2026-08-07,792eb9cf-ca0f-4527-9fc0-9ceb4c6d4a43,2087c80491f16185df9617401504cbf24dfe6da95c4b09e38ea26a357834d472,2393,2381,12,99.4985,0,0,,5,7
2026-08-13,0159933b-f166-498e-ab0d-f93894a7c090,5cb34523f6a2359f59305bbc74949eb44708a898b45fbb52ad3cd037095e27c6,2399,2387,12,99.4998,0,0,,5,7
2026-08-14,f18f988a-015a-4a65-b5d0-adc0269d8761,8e977490e761e4c10e170d0b8f2ae2b0a23df9b7b1ddab85d70e870df3ec572d,2401,2389,12,99.5002,0,0,,5,7
2026-08-20,36865d5d-b9e6-4251-bbab-b5ce19c71463,1c07ec0e2cfa20ceecd00d77421f43395beb499594fbb010cbad9050702efb5b,2543,2531,12,99.5281,0,0,,4,8
2026-08-21,4b2bdd8b-e16a-4649-a5f4-7946fa2f6c42,7565833f18fbd8bc32be4d46b2a8c0b10693921bed13283de7311dd2393a70f8,2545,2533,12,99.5285,0,0,,4,8
2026-08-28,06cb8d1a-36a6-40fb-865f-d6a4db0cd017,310000d6dcc19b790204404a2cbfcda8e0bf70dbff1df903ae587cc6b22ee8eb,2553,2543,10,99.6083,0,0,,2,8
